adulteration_id,product_name,brand,category,adulterant,detection_date,detection_method,severity,health_risk,action_taken
1,Butter,BrandB,Dairy,Artificial sweeteners,2024-05-11,Microbiological Analysis,Moderate,Low,Product Recall
2,Chicken,BrandC,Meat,Coloring agents,2024-05-23,Sensory Evaluation,Severe,Medium,Warning Issued
3,Yogurt,BrandC,Dairy,Artificial sweeteners,2024-02-17,Sensory Evaluation,Severe,High,Investigation Launched
4,Wine,BrandB,Beverages,Coloring agents,2024-05-16,Spectroscopy,Minor,Medium,Product Recall
5,Bread,BrandD,Bakery,Water,2024-06-06,Chemical Analysis,Severe,Medium,Warning Issued
6,Wine,BrandD,Beverages,Melamine,2024-05-12,Microbiological Analysis,Severe,Medium,Investigation Launched
7,Beef,BrandC,Meat,Melamine,2024-04-01,Chemical Analysis,Minor,Medium,Investigation Launched
8,Juice,BrandD,Beverages,Melamine,2024-03-18,Chemical Analysis,Moderate,High,Fine Imposed
9,Chicken,BrandC,Meat,Artificial sweeteners,2024-06-14,Microbiological Analysis,Minor,Low,Investigation Launched
10,Milk,BrandA,Dairy,Melamine,2024-04-23,Spectroscopy,Moderate,Medium,Fine Imposed
11,Cheese,BrandA,Dairy,Coloring agents,2024-02-25,Sensory Evaluation,Moderate,Low,Investigation Launched
12,Milk,BrandA,Dairy,Melamine,2024-03-07,Sensory Evaluation,Moderate,Low,Warning Issued
13,Bread,BrandC,Bakery,Chalk,2024-04-01,Chemical Analysis,Minor,High,Product Recall
14,Beef,BrandA,Meat,Chalk,2024-06-13,Chemical Analysis,Moderate,Medium,Warning Issued
15,Juice,BrandA,Beverages,Melamine,2024-04-13,Sensory Evaluation,Severe,Low,Investigation Launched
16,Honey,BrandB,Condiments,Melamine,2024-05-13,Spectroscopy,Minor,Medium,Investigation Launched
17,Wine,BrandE,Beverages,Melamine,2024-04-07,Chemical Analysis,Severe,Low,Product Recall
18,Yogurt,BrandB,Dairy,Chalk,2024-06-10,Spectroscopy,Moderate,High,Investigation Launched
19,Honey,BrandE,Condiments,Melamine,2024-03-03,Spectroscopy,Minor,Medium,Fine Imposed
20,Honey,BrandC,Condiments,Coloring agents,2024-04-19,Microbiological Analysis,Moderate,Low,Investigation Launched
21,Wine,BrandE,Beverages,Coloring agents,2024-04-19,Spectroscopy,Moderate,Medium,Fine Imposed
22,Cheese,BrandA,Dairy,Melamine,2024-03-18,Microbiological Analysis,Moderate,High,Fine Imposed
23,Wine,BrandD,Beverages,Coloring agents,2024-02-05,Spectroscopy,Severe,Low,Product Recall
24,Milk,BrandE,Dairy,Melamine,2024-03-17,Sensory Evaluation,Minor,Medium,Warning Issued
25,Juice,BrandC,Beverages,Coloring agents,2024-02-26,Chemical Analysis,Moderate,High,Investigation Launched
26,Honey,BrandE,Condiments,Chalk,2024-06-14,Chemical Analysis,Severe,High,Warning Issued
27,Chicken,BrandE,Meat,Coloring agents,2024-03-20,Spectroscopy,Minor,Low,Warning Issued
28,Cheese,BrandC,Dairy,Chalk,2024-03-25,Sensory Evaluation,Moderate,Medium,Investigation Launched
29,Beef,BrandC,Meat,Melamine,2024-05-19,Spectroscopy,Moderate,High,Product Recall
30,Beef,BrandE,Meat,Melamine,2024-05-30,Spectroscopy,Moderate,Medium,Product Recall
31,Chicken,BrandA,Meat,Water,2024-01-02,Microbiological Analysis,Minor,Medium,Fine Imposed
32,Honey,BrandB,Condiments,Melamine,2024-06-16,Spectroscopy,Moderate,High,Fine Imposed
33,Yogurt,BrandE,Dairy,Chalk,2024-06-02,Microbiological Analysis,Moderate,Medium,Investigation Launched
34,Honey,BrandD,Condiments,Water,2024-06-05,Spectroscopy,Severe,High,Fine Imposed
35,Juice,BrandE,Beverages,Water,2024-06-09,Spectroscopy,Moderate,Low,Product Recall
36,Honey,BrandE,Condiments,Melamine,2024-01-31,Microbiological Analysis,Severe,Medium,Warning Issued
37,Yogurt,BrandA,Dairy,Water,2024-02-19,Microbiological Analysis,Moderate,High,Investigation Launched
38,Honey,BrandA,Condiments,Artificial sweeteners,2024-05-03,Spectroscopy,Severe,Low,Warning Issued
39,Cheese,BrandD,Dairy,Coloring agents,2024-01-20,Spectroscopy,Minor,High,Product Recall
40,Yogurt,BrandC,Dairy,Melamine,2024-05-15,Microbiological Analysis,Minor,Medium,Fine Imposed
41,Juice,BrandD,Beverages,Chalk,2024-06-09,Chemical Analysis,Minor,High,Product Recall
42,Milk,BrandD,Dairy,Artificial sweeteners,2024-04-09,Microbiological Analysis,Severe,Low,Investigation Launched
43,Bread,BrandC,Bakery,Melamine,2024-03-29,Sensory Evaluation,Minor,High,Fine Imposed
44,Milk,BrandA,Dairy,Melamine,2024-05-02,Spectroscopy,Severe,High,Product Recall
45,Cheese,BrandC,Dairy,Melamine,2024-02-25,Chemical Analysis,Severe,Medium,Fine Imposed
46,Beef,BrandC,Meat,Melamine,2024-01-13,Sensory Evaluation,Minor,Low,Investigation Launched
47,Milk,BrandA,Dairy,Water,2024-06-17,Sensory Evaluation,Moderate,High,Warning Issued
48,Milk,BrandB,Dairy,Chalk,2024-03-12,Microbiological Analysis,Minor,Low,Investigation Launched
49,Juice,BrandB,Beverages,Coloring agents,2024-03-01,Chemical Analysis,Moderate,Medium,Product Recall
50,Butter,BrandE,Dairy,Chalk,2024-06-23,Chemical Analysis,Minor,Low,Product Recall
51,Yogurt,BrandA,Dairy,Artificial sweeteners,2024-06-08,Microbiological Analysis,Minor,Medium,Warning Issued
52,Yogurt,BrandC,Dairy,Melamine,2024-02-12,Spectroscopy,Severe,Medium,Warning Issued
53,Cheese,BrandB,Dairy,Coloring agents,2024-06-02,Spectroscopy,Moderate,High,Investigation Launched
54,Chicken,BrandE,Meat,Melamine,2024-03-17,Spectroscopy,Severe,Low,Fine Imposed
55,Yogurt,BrandA,Dairy,Coloring agents,2024-05-24,Microbiological Analysis,Minor,Low,Product Recall
56,Milk,BrandD,Dairy,Artificial sweeteners,2024-01-16,Sensory Evaluation,Minor,Low,Product Recall
57,Wine,BrandA,Beverages,Water,2024-05-21,Sensory Evaluation,Moderate,Medium,Warning Issued
58,Butter,BrandA,Dairy,Melamine,2024-06-02,Chemical Analysis,Moderate,Medium,Warning Issued
59,Wine,BrandA,Beverages,Chalk,2024-02-06,Spectroscopy,Moderate,Low,Warning Issued
60,Bread,BrandD,Bakery,Chalk,2024-03-26,Sensory Evaluation,Moderate,Medium,Investigation Launched
61,Yogurt,BrandA,Dairy,Coloring agents,2024-05-24,Sensory Evaluation,Minor,Medium,Investigation Launched
62,Butter,BrandB,Dairy,Chalk,2024-06-07,Microbiological Analysis,Minor,High,Fine Imposed
63,Milk,BrandC,Dairy,Melamine,2024-05-27,Microbiological Analysis,Minor,Medium,Investigation Launched
64,Butter,BrandD,Dairy,Water,2024-05-07,Spectroscopy,Minor,Low,Investigation Launched
65,Honey,BrandE,Condiments,Chalk,2024-01-12,Microbiological Analysis,Minor,Medium,Warning Issued
66,Chicken,BrandD,Meat,Artificial sweeteners,2024-01-08,Spectroscopy,Minor,Medium,Warning Issued
67,Wine,BrandE,Beverages,Coloring agents,2024-01-27,Spectroscopy,Minor,Low,Fine Imposed
68,Cheese,BrandC,Dairy,Coloring agents,2024-01-31,Sensory Evaluation,Moderate,Low,Investigation Launched
69,Juice,BrandD,Beverages,Chalk,2024-05-01,Chemical Analysis,Minor,Low,Product Recall
70,Chicken,BrandE,Meat,Artificial sweeteners,2024-03-20,Microbiological Analysis,Moderate,Medium,Investigation Launched
71,Chicken,BrandB,Meat,Coloring agents,2024-01-17,Microbiological Analysis,Severe,Low,Fine Imposed
72,Yogurt,BrandD,Dairy,Artificial sweeteners,2024-05-23,Microbiological Analysis,Moderate,High,Warning Issued
73,Wine,BrandD,Beverages,Water,2024-06-01,Spectroscopy,Minor,Low,Fine Imposed
74,Juice,BrandE,Beverages,Artificial sweeteners,2024-05-21,Sensory Evaluation,Severe,High,Product Recall
75,Bread,BrandC,Bakery,Water,2024-05-06,Sensory Evaluation,Severe,Low,Investigation Launched
76,Honey,BrandA,Condiments,Melamine,2024-04-11,Sensory Evaluation,Minor,High,Warning Issued
77,Bread,BrandE,Bakery,Chalk,2024-05-28,Spectroscopy,Severe,High,Fine Imposed
78,Cheese,BrandC,Dairy,Water,2024-03-03,Sensory Evaluation,Minor,Medium,Product Recall
79,Cheese,BrandC,Dairy,Chalk,2024-04-24,Sensory Evaluation,Severe,High,Product Recall
80,Juice,BrandB,Beverages,Coloring agents,2024-05-30,Microbiological Analysis,Moderate,High,Product Recall
81,Bread,BrandC,Bakery,Chalk,2024-01-10,Spectroscopy,Minor,High,Fine Imposed
82,Yogurt,BrandE,Dairy,Water,2024-01-14,Spectroscopy,Minor,Medium,Warning Issued
83,Milk,BrandC,Dairy,Artificial sweeteners,2024-04-26,Chemical Analysis,Moderate,High,Product Recall
84,Chicken,BrandC,Meat,Chalk,2024-03-07,Sensory Evaluation,Moderate,Medium,Product Recall
85,Bread,BrandD,Bakery,Artificial sweeteners,2024-04-30,Chemical Analysis,Moderate,Medium,Investigation Launched
86,Chicken,BrandB,Meat,Coloring agents,2024-06-05,Spectroscopy,Minor,High,Investigation Launched
87,Bread,BrandC,Bakery,Melamine,2024-05-27,Microbiological Analysis,Minor,High,Fine Imposed
88,Honey,BrandC,Condiments,Artificial sweeteners,2024-03-30,Spectroscopy,Severe,Medium,Investigation Launched
89,Cheese,BrandD,Dairy,Melamine,2024-02-26,Sensory Evaluation,Minor,Medium,Fine Imposed
90,Juice,BrandE,Beverages,Chalk,2024-02-25,Microbiological Analysis,Severe,High,Investigation Launched
91,Chicken,BrandB,Meat,Chalk,2024-02-10,Spectroscopy,Minor,Medium,Warning Issued
92,Bread,BrandA,Bakery,Artificial sweeteners,2024-02-06,Spectroscopy,Minor,Medium,Product Recall
93,Yogurt,BrandC,Dairy,Artificial sweeteners,2024-02-07,Chemical Analysis,Minor,Low,Investigation Launched
94,Juice,BrandC,Beverages,Water,2024-03-18,Microbiological Analysis,Minor,High,Investigation Launched
95,Butter,BrandD,Dairy,Melamine,2024-06-03,Chemical Analysis,Severe,Medium,Product Recall
96,Butter,BrandE,Dairy,Coloring agents,2024-01-12,Microbiological Analysis,Moderate,Low,Investigation Launched
97,Wine,BrandE,Beverages,Artificial sweeteners,2024-03-02,Chemical Analysis,Minor,High,Warning Issued
98,Beef,BrandB,Meat,Chalk,2024-05-01,Chemical Analysis,Moderate,Medium,Fine Imposed
99,Juice,BrandD,Beverages,Artificial sweeteners,2024-05-08,Sensory Evaluation,Minor,High,Product Recall
100,Milk,BrandB,Dairy,Artificial sweeteners,2024-01-29,Chemical Analysis,Severe,Medium,Warning Issued
101,Milk,BrandD,Dairy,Water,2024-01-30,Sensory Evaluation,Severe,High,Investigation Launched
102,Juice,BrandC,Beverages,Chalk,2024-05-01,Chemical Analysis,Severe,Medium,Investigation Launched
103,Butter,BrandB,Dairy,Water,2024-06-01,Spectroscopy,Moderate,High,Warning Issued
104,Bread,BrandA,Bakery,Artificial sweeteners,2024-01-12,Microbiological Analysis,Severe,Medium,Investigation Launched
105,Milk,BrandA,Dairy,Water,2024-05-13,Sensory Evaluation,Severe,Medium,Warning Issued
106,Milk,BrandD,Dairy,Artificial sweeteners,2024-01-10,Microbiological Analysis,Minor,Medium,Warning Issued
107,Wine,BrandB,Beverages,Melamine,2024-05-09,Spectroscopy,Severe,Low,Investigation Launched
108,Cheese,BrandD,Dairy,Melamine,2024-05-29,Microbiological Analysis,Minor,Low,Investigation Launched
109,Wine,BrandC,Beverages,Artificial sweeteners,2024-06-07,Spectroscopy,Minor,Medium,Investigation Launched
110,Butter,BrandC,Dairy,Water,2024-03-13,Microbiological Analysis,Severe,High,Product Recall
111,Chicken,BrandD,Meat,Coloring agents,2024-01-16,Sensory Evaluation,Moderate,Low,Product Recall
112,Yogurt,BrandC,Dairy,Coloring agents,2024-01-27,Chemical Analysis,Severe,Medium,Warning Issued
113,Beef,BrandC,Meat,Melamine,2024-01-05,Microbiological Analysis,Severe,High,Investigation Launched
114,Cheese,BrandE,Dairy,Chalk,2024-04-16,Sensory Evaluation,Moderate,High,Warning Issued
115,Butter,BrandC,Dairy,Water,2024-05-26,Chemical Analysis,Severe,Low,Warning Issued
116,Cheese,BrandC,Dairy,Coloring agents,2024-01-15,Microbiological Analysis,Severe,Low,Fine Imposed
117,Wine,BrandA,Beverages,Water,2024-02-15,Microbiological Analysis,Minor,Low,Warning Issued
118,Chicken,BrandB,Meat,Water,2024-05-02,Microbiological Analysis,Minor,Medium,Fine Imposed
119,Butter,BrandE,Dairy,Melamine,2024-04-23,Microbiological Analysis,Minor,Low,Product Recall
120,Juice,BrandC,Beverages,Water,2024-05-07,Spectroscopy,Minor,Low,Investigation Launched
121,Chicken,BrandB,Meat,Melamine,2024-03-05,Chemical Analysis,Moderate,Medium,Product Recall
122,Wine,BrandD,Beverages,Coloring agents,2024-05-19,Microbiological Analysis,Severe,High,Investigation Launched
123,Butter,BrandE,Dairy,Chalk,2024-02-25,Microbiological Analysis,Moderate,High,Investigation Launched
124,Juice,BrandC,Beverages,Artificial sweeteners,2024-05-07,Spectroscopy,Minor,High,Warning Issued
125,Wine,BrandC,Beverages,Melamine,2024-05-11,Spectroscopy,Severe,Low,Fine Imposed
126,Beef,BrandC,Meat,Water,2024-06-06,Spectroscopy,Severe,High,Warning Issued
127,Juice,BrandC,Beverages,Coloring agents,2024-02-12,Microbiological Analysis,Moderate,Low,Product Recall
128,Yogurt,BrandD,Dairy,Melamine,2024-01-10,Spectroscopy,Moderate,High,Warning Issued
129,Juice,BrandB,Beverages,Chalk,2024-03-08,Spectroscopy,Severe,High,Warning Issued
130,Bread,BrandB,Bakery,Melamine,2024-02-25,Microbiological Analysis,Moderate,High,Product Recall
131,Beef,BrandC,Meat,Melamine,2024-04-27,Microbiological Analysis,Severe,Low,Warning Issued
132,Beef,BrandD,Meat,Coloring agents,2024-06-03,Spectroscopy,Severe,Low,Product Recall
133,Juice,BrandC,Beverages,Coloring agents,2024-05-14,Microbiological Analysis,Moderate,Medium,Product Recall
134,Bread,BrandE,Bakery,Melamine,2024-01-03,Chemical Analysis,Moderate,Low,Warning Issued
135,Beef,BrandD,Meat,Melamine,2024-05-02,Spectroscopy,Severe,Medium,Product Recall
136,Beef,BrandD,Meat,Water,2024-01-17,Spectroscopy,Minor,High,Investigation Launched
137,Butter,BrandA,Dairy,Water,2024-01-14,Sensory Evaluation,Minor,Medium,Product Recall
138,Milk,BrandA,Dairy,Melamine,2024-06-15,Chemical Analysis,Minor,Medium,Investigation Launched
139,Cheese,BrandD,Dairy,Coloring agents,2024-01-06,Sensory Evaluation,Minor,Medium,Product Recall
140,Honey,BrandB,Condiments,Coloring agents,2024-01-24,Chemical Analysis,Minor,Low,Product Recall
141,Cheese,BrandE,Dairy,Chalk,2024-03-08,Spectroscopy,Minor,High,Product Recall
142,Honey,BrandA,Condiments,Melamine,2024-02-22,Chemical Analysis,Moderate,High,Warning Issued
143,Butter,BrandA,Dairy,Coloring agents,2024-06-06,Sensory Evaluation,Minor,High,Fine Imposed
144,Chicken,BrandB,Meat,Melamine,2024-06-11,Spectroscopy,Moderate,Low,Investigation Launched
145,Juice,BrandB,Beverages,Coloring agents,2024-03-26,Chemical Analysis,Moderate,Medium,Warning Issued
146,Bread,BrandD,Bakery,Artificial sweeteners,2024-05-15,Spectroscopy,Severe,Low,Fine Imposed
147,Yogurt,BrandC,Dairy,Water,2024-05-11,Chemical Analysis,Moderate,Low,Product Recall
148,Juice,BrandD,Beverages,Artificial sweeteners,2024-04-29,Microbiological Analysis,Minor,High,Product Recall
149,Chicken,BrandE,Meat,Artificial sweeteners,2024-02-10,Sensory Evaluation,Minor,High,Fine Imposed
150,Milk,BrandC,Dairy,Coloring agents,2024-04-12,Chemical Analysis,Minor,Low,Product Recall
151,Cheese,BrandB,Dairy,Melamine,2024-01-31,Chemical Analysis,Moderate,Medium,Investigation Launched
152,Honey,BrandB,Condiments,Chalk,2024-04-29,Microbiological Analysis,Severe,High,Investigation Launched
153,Bread,BrandD,Bakery,Chalk,2024-01-28,Spectroscopy,Severe,High,Fine Imposed
154,Beef,BrandD,Meat,Water,2024-03-30,Microbiological Analysis,Moderate,High,Fine Imposed
155,Chicken,BrandA,Meat,Artificial sweeteners,2024-06-16,Spectroscopy,Moderate,High,Fine Imposed
156,Chicken,BrandB,Meat,Chalk,2024-05-28,Chemical Analysis,Minor,Medium,Product Recall
157,Chicken,BrandD,Meat,Artificial sweeteners,2024-06-26,Chemical Analysis,Moderate,Low,Warning Issued
158,Bread,BrandC,Bakery,Artificial sweeteners,2024-05-09,Microbiological Analysis,Severe,Low,Investigation Launched
159,Butter,BrandC,Dairy,Chalk,2024-03-15,Microbiological Analysis,Moderate,Low,Product Recall
160,Honey,BrandD,Condiments,Melamine,2024-05-09,Spectroscopy,Moderate,Low,Investigation Launched
161,Milk,BrandD,Dairy,Melamine,2024-03-22,Sensory Evaluation,Moderate,High,Product Recall
162,Wine,BrandD,Beverages,Coloring agents,2024-06-29,Chemical Analysis,Severe,Low,Product Recall
163,Bread,BrandE,Bakery,Melamine,2024-03-10,Microbiological Analysis,Minor,High,Fine Imposed
164,Honey,BrandD,Condiments,Chalk,2024-01-27,Sensory Evaluation,Severe,Low,Warning Issued
165,Juice,BrandD,Beverages,Coloring agents,2024-05-20,Spectroscopy,Minor,High,Fine Imposed
166,Juice,BrandC,Beverages,Artificial sweeteners,2024-01-14,Chemical Analysis,Moderate,Low,Warning Issued
167,Butter,BrandD,Dairy,Water,2024-02-16,Spectroscopy,Severe,Medium,Investigation Launched
168,Bread,BrandA,Bakery,Coloring agents,2024-04-24,Spectroscopy,Moderate,Medium,Investigation Launched
169,Wine,BrandE,Beverages,Melamine,2024-03-26,Microbiological Analysis,Minor,Medium,Warning Issued
170,Yogurt,BrandA,Dairy,Water,2024-06-14,Sensory Evaluation,Severe,Low,Product Recall
171,Milk,BrandB,Dairy,Chalk,2024-04-16,Sensory Evaluation,Minor,Medium,Investigation Launched
172,Beef,BrandC,Meat,Coloring agents,2024-02-05,Chemical Analysis,Moderate,High,Investigation Launched
173,Bread,BrandD,Bakery,Water,2024-02-01,Spectroscopy,Severe,Low,Warning Issued
174,Chicken,BrandD,Meat,Melamine,2024-06-21,Spectroscopy,Minor,High,Warning Issued
175,Bread,BrandE,Bakery,Melamine,2024-01-29,Sensory Evaluation,Severe,High,Warning Issued
176,Chicken,BrandA,Meat,Coloring agents,2024-01-20,Chemical Analysis,Severe,Low,Warning Issued
177,Bread,BrandA,Bakery,Chalk,2024-03-28,Sensory Evaluation,Moderate,Low,Investigation Launched
178,Cheese,BrandD,Dairy,Chalk,2024-03-26,Chemical Analysis,Minor,Low,Fine Imposed
179,Yogurt,BrandE,Dairy,Water,2024-03-26,Sensory Evaluation,Moderate,Low,Product Recall
180,Juice,BrandA,Beverages,Artificial sweeteners,2024-02-16,Sensory Evaluation,Moderate,Low,Investigation Launched
181,Wine,BrandB,Beverages,Artificial sweeteners,2024-02-12,Chemical Analysis,Severe,Medium,Fine Imposed
182,Juice,BrandE,Beverages,Water,2024-05-28,Microbiological Analysis,Minor,Low,Fine Imposed
183,Honey,BrandE,Condiments,Water,2024-03-04,Microbiological Analysis,Severe,Medium,Product Recall
184,Beef,BrandA,Meat,Chalk,2024-06-13,Spectroscopy,Moderate,Low,Product Recall
185,Beef,BrandC,Meat,Chalk,2024-03-20,Chemical Analysis,Minor,High,Fine Imposed
186,Milk,BrandA,Dairy,Chalk,2024-02-10,Microbiological Analysis,Minor,High,Investigation Launched
187,Chicken,BrandB,Meat,Chalk,2024-05-15,Spectroscopy,Minor,Medium,Product Recall
188,Cheese,BrandA,Dairy,Melamine,2024-06-13,Chemical Analysis,Moderate,Low,Investigation Launched
189,Butter,BrandA,Dairy,Water,2024-05-05,Spectroscopy,Moderate,Low,Warning Issued
190,Juice,BrandD,Beverages,Chalk,2024-02-27,Spectroscopy,Severe,Low,Warning Issued
191,Bread,BrandE,Bakery,Artificial sweeteners,2024-01-18,Spectroscopy,Moderate,Medium,Investigation Launched
192,Milk,BrandC,Dairy,Water,2024-06-10,Spectroscopy,Moderate,Medium,Warning Issued
193,Juice,BrandA,Beverages,Artificial sweeteners,2024-04-08,Microbiological Analysis,Moderate,Medium,Fine Imposed
194,Bread,BrandC,Bakery,Water,2024-05-13,Sensory Evaluation,Severe,Medium,Investigation Launched
195,Juice,BrandC,Beverages,Coloring agents,2024-03-25,Sensory Evaluation,Minor,Medium,Fine Imposed
196,Honey,BrandE,Condiments,Chalk,2024-04-09,Chemical Analysis,Minor,Medium,Warning Issued
197,Cheese,BrandC,Dairy,Coloring agents,2024-04-29,Sensory Evaluation,Moderate,Medium,Product Recall
198,Wine,BrandC,Beverages,Water,2024-06-13,Chemical Analysis,Severe,High,Warning Issued
199,Juice,BrandD,Beverages,Chalk,2024-02-02,Sensory Evaluation,Minor,High,Product Recall
200,Juice,BrandB,Beverages,Artificial sweeteners,2024-06-19,Spectroscopy,Minor,High,Investigation Launched
201,Chicken,BrandB,Meat,Water,2024-04-10,Chemical Analysis,Minor,Medium,Fine Imposed
202,Beef,BrandA,Meat,Coloring agents,2024-04-01,Chemical Analysis,Minor,High,Product Recall
203,Juice,BrandC,Beverages,Water,2024-06-15,Chemical Analysis,Minor,Medium,Warning Issued
204,Chicken,BrandB,Meat,Coloring agents,2024-04-04,Chemical Analysis,Minor,Medium,Fine Imposed
205,Chicken,BrandB,Meat,Water,2024-06-05,Microbiological Analysis,Moderate,Low,Fine Imposed
206,Beef,BrandA,Meat,Coloring agents,2024-04-21,Spectroscopy,Minor,Low,Fine Imposed
207,Butter,BrandC,Dairy,Artificial sweeteners,2024-06-09,Chemical Analysis,Moderate,Medium,Fine Imposed
208,Honey,BrandA,Condiments,Chalk,2024-06-25,Chemical Analysis,Moderate,Low,Fine Imposed
209,Juice,BrandA,Beverages,Melamine,2024-02-21,Chemical Analysis,Minor,High,Fine Imposed
210,Juice,BrandC,Beverages,Artificial sweeteners,2024-03-24,Spectroscopy,Severe,Medium,Fine Imposed
211,Honey,BrandB,Condiments,Chalk,2024-06-08,Sensory Evaluation,Minor,High,Investigation Launched
212,Yogurt,BrandA,Dairy,Chalk,2024-05-13,Sensory Evaluation,Severe,High,Product Recall
213,Juice,BrandB,Beverages,Coloring agents,2024-04-04,Chemical Analysis,Minor,High,Investigation Launched
214,Juice,BrandC,Beverages,Chalk,2024-06-28,Chemical Analysis,Moderate,High,Investigation Launched
215,Milk,BrandE,Dairy,Chalk,2024-06-02,Sensory Evaluation,Moderate,High,Fine Imposed
216,Chicken,BrandD,Meat,Melamine,2024-06-05,Chemical Analysis,Severe,High,Investigation Launched
217,Yogurt,BrandA,Dairy,Chalk,2024-02-21,Sensory Evaluation,Severe,Low,Fine Imposed
218,Yogurt,BrandE,Dairy,Artificial sweeteners,2024-03-15,Chemical Analysis,Severe,Medium,Product Recall
219,Chicken,BrandB,Meat,Coloring agents,2024-04-15,Spectroscopy,Severe,High,Fine Imposed
220,Juice,BrandD,Beverages,Artificial sweeteners,2024-05-03,Spectroscopy,Minor,Low,Product Recall
221,Honey,BrandD,Condiments,Water,2024-02-26,Chemical Analysis,Severe,Medium,Investigation Launched
222,Chicken,BrandC,Meat,Artificial sweeteners,2024-04-08,Chemical Analysis,Minor,Low,Fine Imposed
223,Butter,BrandC,Dairy,Coloring agents,2024-05-30,Microbiological Analysis,Moderate,Medium,Product Recall
224,Milk,BrandD,Dairy,Water,2024-06-18,Sensory Evaluation,Minor,Low,Fine Imposed
225,Beef,BrandC,Meat,Coloring agents,2024-02-04,Spectroscopy,Moderate,High,Fine Imposed
226,Milk,BrandB,Dairy,Water,2024-05-30,Sensory Evaluation,Minor,High,Product Recall
227,Butter,BrandB,Dairy,Water,2024-05-22,Spectroscopy,Moderate,Medium,Fine Imposed
228,Bread,BrandD,Bakery,Coloring agents,2024-05-08,Microbiological Analysis,Minor,High,Investigation Launched
229,Beef,BrandE,Meat,Coloring agents,2024-04-27,Chemical Analysis,Moderate,Medium,Warning Issued
230,Juice,BrandA,Beverages,Chalk,2024-01-06,Microbiological Analysis,Minor,Medium,Investigation Launched
231,Juice,BrandD,Beverages,Water,2024-04-13,Microbiological Analysis,Moderate,High,Fine Imposed
232,Juice,BrandB,Beverages,Coloring agents,2024-05-14,Spectroscopy,Minor,Low,Investigation Launched
233,Juice,BrandE,Beverages,Melamine,2024-01-18,Chemical Analysis,Minor,Low,Product Recall
234,Yogurt,BrandE,Dairy,Artificial sweeteners,2024-02-10,Sensory Evaluation,Severe,Low,Fine Imposed
235,Wine,BrandD,Beverages,Coloring agents,2024-03-07,Chemical Analysis,Minor,Low,Investigation Launched
236,Wine,BrandA,Beverages,Artificial sweeteners,2024-01-15,Sensory Evaluation,Severe,High,Fine Imposed
237,Cheese,BrandA,Dairy,Coloring agents,2024-05-04,Chemical Analysis,Severe,Low,Investigation Launched
238,Cheese,BrandE,Dairy,Melamine,2024-05-10,Microbiological Analysis,Severe,High,Fine Imposed
239,Chicken,BrandC,Meat,Coloring agents,2024-06-10,Spectroscopy,Minor,Medium,Fine Imposed
240,Milk,BrandD,Dairy,Melamine,2024-02-17,Sensory Evaluation,Moderate,Medium,Fine Imposed
241,Butter,BrandE,Dairy,Artificial sweeteners,2024-03-23,Microbiological Analysis,Severe,High,Fine Imposed
242,Juice,BrandC,Beverages,Coloring agents,2024-06-06,Microbiological Analysis,Minor,High,Warning Issued
243,Chicken,BrandD,Meat,Coloring agents,2024-06-15,Microbiological Analysis,Severe,High,Investigation Launched
244,Honey,BrandD,Condiments,Artificial sweeteners,2024-05-04,Microbiological Analysis,Severe,Low,Warning Issued
245,Juice,BrandC,Beverages,Artificial sweeteners,2024-02-29,Microbiological Analysis,Moderate,Low,Investigation Launched
246,Cheese,BrandA,Dairy,Melamine,2024-05-26,Chemical Analysis,Minor,Low,Product Recall
247,Juice,BrandB,Beverages,Coloring agents,2024-06-06,Chemical Analysis,Moderate,Low,Warning Issued
248,Yogurt,BrandC,Dairy,Melamine,2024-05-03,Spectroscopy,Minor,High,Warning Issued
249,Cheese,BrandB,Dairy,Coloring agents,2024-01-24,Microbiological Analysis,Minor,Low,Fine Imposed
250,Yogurt,BrandA,Dairy,Water,2024-04-26,Spectroscopy,Severe,High,Fine Imposed
251,Juice,BrandE,Beverages,Coloring agents,2024-01-13,Sensory Evaluation,Severe,Medium,Fine Imposed
252,Cheese,BrandB,Dairy,Coloring agents,2024-04-30,Chemical Analysis,Minor,Low,Fine Imposed
253,Milk,BrandD,Dairy,Melamine,2024-06-14,Chemical Analysis,Moderate,High,Investigation Launched
254,Milk,BrandE,Dairy,Chalk,2024-01-20,Microbiological Analysis,Moderate,High,Fine Imposed
255,Bread,BrandE,Bakery,Melamine,2024-05-23,Spectroscopy,Moderate,Medium,Investigation Launched
256,Honey,BrandD,Condiments,Artificial sweeteners,2024-01-10,Chemical Analysis,Severe,High,Product Recall
257,Cheese,BrandA,Dairy,Coloring agents,2024-02-25,Microbiological Analysis,Moderate,High,Warning Issued
258,Chicken,BrandD,Meat,Artificial sweeteners,2024-04-20,Microbiological Analysis,Severe,High,Investigation Launched
259,Chicken,BrandB,Meat,Artificial sweeteners,2024-02-15,Sensory Evaluation,Moderate,Medium,Warning Issued
260,Cheese,BrandB,Dairy,Artificial sweeteners,2024-02-07,Chemical Analysis,Moderate,Medium,Warning Issued
261,Milk,BrandB,Dairy,Artificial sweeteners,2024-04-23,Sensory Evaluation,Moderate,High,Fine Imposed
262,Milk,BrandB,Dairy,Water,2024-02-13,Microbiological Analysis,Severe,Low,Product Recall
263,Bread,BrandB,Bakery,Coloring agents,2024-04-26,Sensory Evaluation,Moderate,Low,Fine Imposed
264,Bread,BrandB,Bakery,Coloring agents,2024-03-17,Microbiological Analysis,Moderate,High,Product Recall
265,Honey,BrandC,Condiments,Coloring agents,2024-06-28,Sensory Evaluation,Severe,High,Investigation Launched
266,Honey,BrandA,Condiments,Melamine,2024-04-28,Spectroscopy,Moderate,High,Product Recall
267,Chicken,BrandE,Meat,Melamine,2024-05-23,Chemical Analysis,Minor,High,Warning Issued
268,Honey,BrandE,Condiments,Artificial sweeteners,2024-04-29,Microbiological Analysis,Severe,Medium,Investigation Launched
269,Juice,BrandC,Beverages,Artificial sweeteners,2024-01-21,Microbiological Analysis,Severe,High,Warning Issued
270,Bread,BrandE,Bakery,Water,2024-01-16,Sensory Evaluation,Moderate,Low,Investigation Launched
271,Chicken,BrandE,Meat,Chalk,2024-05-20,Spectroscopy,Severe,Low,Fine Imposed
272,Chicken,BrandD,Meat,Coloring agents,2024-06-25,Spectroscopy,Severe,Medium,Warning Issued
273,Wine,BrandB,Beverages,Water,2024-01-01,Microbiological Analysis,Severe,Medium,Product Recall
274,Yogurt,BrandE,Dairy,Chalk,2024-06-17,Sensory Evaluation,Moderate,Low,Warning Issued
275,Juice,BrandC,Beverages,Coloring agents,2024-06-14,Sensory Evaluation,Minor,Low,Product Recall
276,Cheese,BrandD,Dairy,Melamine,2024-05-08,Chemical Analysis,Moderate,High,Fine Imposed
277,Honey,BrandD,Condiments,Chalk,2024-04-19,Spectroscopy,Minor,High,Product Recall
278,Honey,BrandE,Condiments,Coloring agents,2024-02-22,Microbiological Analysis,Minor,High,Fine Imposed
279,Chicken,BrandB,Meat,Water,2024-03-02,Spectroscopy,Minor,Low,Investigation Launched
280,Butter,BrandB,Dairy,Coloring agents,2024-01-22,Chemical Analysis,Severe,High,Fine Imposed
281,Beef,BrandE,Meat,Artificial sweeteners,2024-04-19,Spectroscopy,Minor,High,Product Recall
282,Cheese,BrandE,Dairy,Water,2024-04-02,Sensory Evaluation,Severe,High,Product Recall
283,Yogurt,BrandE,Dairy,Water,2024-01-15,Microbiological Analysis,Moderate,Low,Product Recall
284,Butter,BrandC,Dairy,Chalk,2024-05-30,Chemical Analysis,Minor,Medium,Warning Issued
285,Cheese,BrandD,Dairy,Melamine,2024-05-05,Chemical Analysis,Severe,Low,Investigation Launched
286,Chicken,BrandE,Meat,Artificial sweeteners,2024-03-10,Microbiological Analysis,Minor,Low,Warning Issued
287,Milk,BrandD,Dairy,Artificial sweeteners,2024-01-17,Spectroscopy,Severe,High,Investigation Launched
288,Honey,BrandD,Condiments,Chalk,2024-05-08,Microbiological Analysis,Moderate,Medium,Investigation Launched
289,Milk,BrandC,Dairy,Water,2024-05-31,Microbiological Analysis,Moderate,Low,Investigation Launched
290,Bread,BrandE,Bakery,Coloring agents,2024-01-12,Microbiological Analysis,Moderate,Medium,Product Recall
291,Yogurt,BrandE,Dairy,Coloring agents,2024-03-01,Spectroscopy,Moderate,Low,Fine Imposed
292,Beef,BrandD,Meat,Coloring agents,2024-02-12,Sensory Evaluation,Severe,High,Investigation Launched
293,Honey,BrandE,Condiments,Water,2024-03-29,Chemical Analysis,Severe,High,Fine Imposed
294,Yogurt,BrandD,Dairy,Chalk,2024-06-14,Spectroscopy,Severe,Medium,Warning Issued
295,Beef,BrandC,Meat,Artificial sweeteners,2024-02-10,Microbiological Analysis,Minor,High,Product Recall
296,Cheese,BrandD,Dairy,Coloring agents,2024-01-23,Microbiological Analysis,Moderate,Low,Warning Issued
297,Yogurt,BrandA,Dairy,Melamine,2024-04-20,Spectroscopy,Minor,High,Product Recall
298,Beef,BrandE,Meat,Melamine,2024-02-17,Chemical Analysis,Severe,High,Investigation Launched
299,Yogurt,BrandE,Dairy,Melamine,2024-05-22,Microbiological Analysis,Minor,Medium,Product Recall
300,Chicken,BrandD,Meat,Coloring agents,2024-06-19,Spectroscopy,Moderate,High,Warning Issued
301,Milk,BrandB,Dairy,Artificial sweeteners,2024-01-25,Sensory Evaluation,Severe,Low,Product Recall
302,Honey,BrandB,Condiments,Artificial sweeteners,2024-04-06,Microbiological Analysis,Minor,Medium,Investigation Launched
303,Milk,BrandB,Dairy,Melamine,2024-04-12,Spectroscopy,Severe,Medium,Investigation Launched
304,Juice,BrandC,Beverages,Artificial sweeteners,2024-02-13,Microbiological Analysis,Moderate,Medium,Fine Imposed
305,Bread,BrandE,Bakery,Chalk,2024-06-15,Chemical Analysis,Minor,Low,Fine Imposed
306,Cheese,BrandD,Dairy,Chalk,2024-02-01,Spectroscopy,Moderate,High,Fine Imposed
307,Chicken,BrandB,Meat,Water,2024-02-07,Spectroscopy,Minor,Medium,Warning Issued
308,Chicken,BrandA,Meat,Chalk,2024-05-12,Chemical Analysis,Severe,Medium,Product Recall
309,Butter,BrandA,Dairy,Chalk,2024-02-10,Sensory Evaluation,Minor,High,Investigation Launched
310,Wine,BrandC,Beverages,Coloring agents,2024-06-20,Chemical Analysis,Moderate,Medium,Warning Issued
311,Milk,BrandB,Dairy,Melamine,2024-02-11,Chemical Analysis,Severe,High,Warning Issued
312,Bread,BrandD,Bakery,Chalk,2024-04-20,Sensory Evaluation,Moderate,Medium,Investigation Launched
313,Honey,BrandA,Condiments,Chalk,2024-02-26,Sensory Evaluation,Severe,Medium,Warning Issued
314,Yogurt,BrandD,Dairy,Melamine,2024-03-30,Spectroscopy,Minor,Medium,Warning Issued
315,Butter,BrandC,Dairy,Chalk,2024-05-14,Chemical Analysis,Minor,Medium,Fine Imposed
316,Beef,BrandC,Meat,Chalk,2024-05-16,Sensory Evaluation,Severe,High,Warning Issued
317,Bread,BrandA,Bakery,Artificial sweeteners,2024-01-20,Microbiological Analysis,Severe,Medium,Investigation Launched
318,Milk,BrandC,Dairy,Chalk,2024-05-18,Spectroscopy,Moderate,High,Warning Issued
319,Honey,BrandA,Condiments,Water,2024-03-03,Microbiological Analysis,Moderate,Low,Warning Issued
320,Milk,BrandA,Dairy,Chalk,2024-05-25,Sensory Evaluation,Minor,High,Investigation Launched
321,Juice,BrandC,Beverages,Artificial sweeteners,2024-03-31,Spectroscopy,Minor,Low,Warning Issued
322,Honey,BrandD,Condiments,Water,2024-04-10,Sensory Evaluation,Minor,Low,Product Recall
323,Juice,BrandB,Beverages,Melamine,2024-06-29,Spectroscopy,Minor,High,Warning Issued
324,Yogurt,BrandC,Dairy,Artificial sweeteners,2024-04-27,Sensory Evaluation,Severe,Low,Fine Imposed
325,Milk,BrandA,Dairy,Chalk,2024-01-22,Microbiological Analysis,Minor,Low,Warning Issued
326,Beef,BrandE,Meat,Water,2024-05-13,Spectroscopy,Moderate,Low,Fine Imposed
327,Cheese,BrandC,Dairy,Water,2024-03-31,Microbiological Analysis,Minor,High,Product Recall
328,Yogurt,BrandE,Dairy,Chalk,2024-01-02,Spectroscopy,Moderate,Low,Warning Issued
329,Juice,BrandA,Beverages,Melamine,2024-05-13,Spectroscopy,Moderate,Low,Investigation Launched
330,Wine,BrandE,Beverages,Water,2024-04-19,Sensory Evaluation,Severe,High,Investigation Launched
331,Beef,BrandB,Meat,Melamine,2024-01-02,Chemical Analysis,Severe,Low,Investigation Launched
332,Butter,BrandB,Dairy,Melamine,2024-06-18,Microbiological Analysis,Severe,High,Investigation Launched
333,Bread,BrandA,Bakery,Melamine,2024-05-26,Chemical Analysis,Severe,Low,Fine Imposed
334,Beef,BrandD,Meat,Coloring agents,2024-02-26,Sensory Evaluation,Severe,Low,Fine Imposed
335,Honey,BrandB,Condiments,Chalk,2024-03-19,Spectroscopy,Severe,High,Investigation Launched
336,Chicken,BrandC,Meat,Coloring agents,2024-06-20,Sensory Evaluation,Minor,Medium,Warning Issued
337,Butter,BrandC,Dairy,Coloring agents,2024-04-10,Chemical Analysis,Severe,High,Product Recall
338,Honey,BrandD,Condiments,Coloring agents,2024-05-11,Spectroscopy,Severe,High,Warning Issued
339,Chicken,BrandC,Meat,Chalk,2024-02-23,Sensory Evaluation,Severe,High,Fine Imposed
340,Milk,BrandC,Dairy,Melamine,2024-01-17,Sensory Evaluation,Minor,Medium,Investigation Launched
341,Honey,BrandD,Condiments,Artificial sweeteners,2024-03-31,Microbiological Analysis,Severe,Low,Fine Imposed
342,Beef,BrandA,Meat,Melamine,2024-02-29,Spectroscopy,Minor,Medium,Warning Issued
343,Cheese,BrandC,Dairy,Water,2024-04-28,Chemical Analysis,Minor,Medium,Investigation Launched
344,Honey,BrandC,Condiments,Coloring agents,2024-06-07,Chemical Analysis,Severe,Medium,Warning Issued
345,Chicken,BrandC,Meat,Chalk,2024-03-17,Spectroscopy,Minor,High,Fine Imposed
346,Juice,BrandE,Beverages,Artificial sweeteners,2024-02-26,Microbiological Analysis,Minor,Medium,Warning Issued
347,Juice,BrandD,Beverages,Chalk,2024-02-19,Spectroscopy,Moderate,Low,Warning Issued
348,Juice,BrandB,Beverages,Artificial sweeteners,2024-06-01,Chemical Analysis,Severe,Medium,Product Recall
349,Milk,BrandD,Dairy,Coloring agents,2024-03-05,Microbiological Analysis,Moderate,Medium,Product Recall
350,Beef,BrandD,Meat,Melamine,2024-04-11,Microbiological Analysis,Severe,Medium,Investigation Launched
351,Bread,BrandD,Bakery,Coloring agents,2024-04-22,Sensory Evaluation,Severe,High,Product Recall
352,Bread,BrandE,Bakery,Water,2024-06-19,Spectroscopy,Moderate,Low,Investigation Launched
353,Butter,BrandC,Dairy,Chalk,2024-02-21,Sensory Evaluation,Moderate,Low,Investigation Launched
354,Yogurt,BrandB,Dairy,Water,2024-01-28,Sensory Evaluation,Moderate,High,Investigation Launched
355,Chicken,BrandE,Meat,Water,2024-05-07,Sensory Evaluation,Minor,High,Warning Issued
356,Juice,BrandE,Beverages,Chalk,2024-05-12,Chemical Analysis,Severe,High,Fine Imposed
357,Milk,BrandA,Dairy,Coloring agents,2024-05-28,Chemical Analysis,Moderate,Medium,Investigation Launched
358,Yogurt,BrandB,Dairy,Chalk,2024-01-18,Spectroscopy,Minor,Medium,Fine Imposed
359,Butter,BrandD,Dairy,Coloring agents,2024-01-27,Microbiological Analysis,Minor,Low,Investigation Launched
360,Honey,BrandE,Condiments,Chalk,2024-06-03,Chemical Analysis,Severe,High,Warning Issued
361,Yogurt,BrandA,Dairy,Coloring agents,2024-05-11,Microbiological Analysis,Severe,Low,Product Recall
362,Beef,BrandA,Meat,Melamine,2024-06-30,Microbiological Analysis,Severe,Low,Fine Imposed
363,Milk,BrandA,Dairy,Water,2024-05-07,Chemical Analysis,Severe,Medium,Warning Issued
364,Juice,BrandA,Beverages,Coloring agents,2024-01-19,Sensory Evaluation,Minor,Medium,Investigation Launched
365,Chicken,BrandA,Meat,Coloring agents,2024-05-08,Microbiological Analysis,Moderate,Low,Fine Imposed
366,Honey,BrandB,Condiments,Artificial sweeteners,2024-06-14,Sensory Evaluation,Minor,High,Warning Issued
367,Bread,BrandC,Bakery,Artificial sweeteners,2024-02-03,Sensory Evaluation,Severe,Medium,Investigation Launched
368,Beef,BrandD,Meat,Chalk,2024-04-12,Spectroscopy,Minor,Low,Investigation Launched
369,Milk,BrandC,Dairy,Melamine,2024-02-25,Spectroscopy,Severe,High,Investigation Launched
370,Milk,BrandE,Dairy,Coloring agents,2024-02-18,Chemical Analysis,Moderate,High,Warning Issued
371,Wine,BrandD,Beverages,Water,2024-02-06,Spectroscopy,Severe,Medium,Product Recall
372,Bread,BrandC,Bakery,Melamine,2024-06-21,Spectroscopy,Minor,Medium,Product Recall
373,Chicken,BrandA,Meat,Coloring agents,2024-03-15,Microbiological Analysis,Severe,Low,Fine Imposed
374,Milk,BrandB,Dairy,Coloring agents,2024-03-18,Sensory Evaluation,Severe,Low,Fine Imposed
375,Milk,BrandD,Dairy,Water,2024-02-16,Chemical Analysis,Severe,Low,Fine Imposed
376,Cheese,BrandC,Dairy,Coloring agents,2024-02-19,Sensory Evaluation,Minor,High,Warning Issued
377,Honey,BrandA,Condiments,Melamine,2024-01-11,Chemical Analysis,Minor,Low,Product Recall
378,Chicken,BrandA,Meat,Chalk,2024-03-01,Sensory Evaluation,Severe,Low,Warning Issued
379,Cheese,BrandB,Dairy,Artificial sweeteners,2024-05-29,Chemical Analysis,Severe,Medium,Product Recall
380,Juice,BrandE,Beverages,Coloring agents,2024-05-19,Spectroscopy,Severe,High,Product Recall
381,Yogurt,BrandC,Dairy,Water,2024-05-21,Sensory Evaluation,Severe,Low,Product Recall
382,Chicken,BrandA,Meat,Coloring agents,2024-01-08,Chemical Analysis,Minor,Low,Investigation Launched
383,Wine,BrandB,Beverages,Water,2024-06-21,Sensory Evaluation,Severe,Low,Investigation Launched
384,Wine,BrandC,Beverages,Melamine,2024-02-20,Chemical Analysis,Minor,Low,Fine Imposed
385,Beef,BrandC,Meat,Coloring agents,2024-04-13,Sensory Evaluation,Moderate,Low,Fine Imposed
386,Yogurt,BrandE,Dairy,Coloring agents,2024-01-31,Sensory Evaluation,Severe,Low,Warning Issued
387,Milk,BrandE,Dairy,Coloring agents,2024-01-20,Sensory Evaluation,Minor,Medium,Warning Issued
388,Wine,BrandC,Beverages,Coloring agents,2024-06-07,Spectroscopy,Minor,Low,Investigation Launched
389,Beef,BrandE,Meat,Chalk,2024-06-18,Chemical Analysis,Minor,Medium,Investigation Launched
390,Bread,BrandA,Bakery,Water,2024-05-20,Spectroscopy,Severe,Low,Warning Issued
391,Honey,BrandB,Condiments,Melamine,2024-06-19,Sensory Evaluation,Severe,Low,Fine Imposed
392,Bread,BrandA,Bakery,Water,2024-01-28,Chemical Analysis,Minor,Low,Warning Issued
393,Juice,BrandD,Beverages,Water,2024-05-23,Chemical Analysis,Minor,Medium,Investigation Launched
394,Juice,BrandE,Beverages,Artificial sweeteners,2024-05-25,Spectroscopy,Moderate,Low,Investigation Launched
395,Juice,BrandE,Beverages,Coloring agents,2024-04-23,Spectroscopy,Minor,Medium,Warning Issued
396,Butter,BrandB,Dairy,Melamine,2024-06-06,Chemical Analysis,Minor,High,Warning Issued
397,Bread,BrandE,Bakery,Artificial sweeteners,2024-02-17,Chemical Analysis,Moderate,Medium,Warning Issued
398,Yogurt,BrandB,Dairy,Coloring agents,2024-06-28,Sensory Evaluation,Minor,Low,Fine Imposed
399,Bread,BrandC,Bakery,Water,2024-03-21,Chemical Analysis,Moderate,Medium,Investigation Launched
400,Wine,BrandE,Beverages,Melamine,2024-03-18,Spectroscopy,Minor,Low,Product Recall
401,Chicken,BrandA,Meat,Chalk,2024-05-02,Chemical Analysis,Minor,Medium,Investigation Launched
402,Honey,BrandB,Condiments,Coloring agents,2024-03-11,Microbiological Analysis,Moderate,Medium,Product Recall
403,Juice,BrandD,Beverages,Water,2024-05-16,Sensory Evaluation,Severe,Low,Investigation Launched
404,Honey,BrandC,Condiments,Chalk,2024-01-30,Chemical Analysis,Minor,Low,Investigation Launched
405,Chicken,BrandB,Meat,Artificial sweeteners,2024-02-02,Microbiological Analysis,Minor,High,Fine Imposed
406,Butter,BrandB,Dairy,Chalk,2024-05-06,Microbiological Analysis,Minor,Medium,Warning Issued
407,Wine,BrandC,Beverages,Artificial sweeteners,2024-03-09,Sensory Evaluation,Minor,Medium,Fine Imposed
408,Beef,BrandA,Meat,Artificial sweeteners,2024-03-31,Sensory Evaluation,Minor,Medium,Fine Imposed
409,Honey,BrandD,Condiments,Chalk,2024-05-19,Spectroscopy,Severe,Low,Fine Imposed
410,Butter,BrandA,Dairy,Chalk,2024-01-10,Chemical Analysis,Severe,High,Product Recall
411,Yogurt,BrandA,Dairy,Chalk,2024-02-24,Spectroscopy,Moderate,High,Product Recall
412,Honey,BrandA,Condiments,Chalk,2024-04-06,Chemical Analysis,Minor,Low,Warning Issued
413,Wine,BrandE,Beverages,Chalk,2024-03-09,Microbiological Analysis,Minor,Medium,Warning Issued
414,Beef,BrandD,Meat,Chalk,2024-05-23,Spectroscopy,Minor,Low,Investigation Launched
415,Butter,BrandB,Dairy,Chalk,2024-02-18,Chemical Analysis,Minor,Low,Warning Issued
416,Milk,BrandB,Dairy,Chalk,2024-02-10,Microbiological Analysis,Minor,High,Product Recall
417,Yogurt,BrandA,Dairy,Chalk,2024-02-14,Sensory Evaluation,Moderate,Low,Investigation Launched
418,Juice,BrandC,Beverages,Coloring agents,2024-02-18,Spectroscopy,Minor,Low,Warning Issued
419,Cheese,BrandD,Dairy,Chalk,2024-05-30,Chemical Analysis,Moderate,Low,Product Recall
420,Juice,BrandA,Beverages,Melamine,2024-03-07,Chemical Analysis,Minor,High,Warning Issued
421,Juice,BrandA,Beverages,Melamine,2024-02-15,Microbiological Analysis,Minor,Low,Investigation Launched
422,Beef,BrandB,Meat,Artificial sweeteners,2024-03-02,Chemical Analysis,Moderate,Low,Investigation Launched
423,Cheese,BrandB,Dairy,Water,2024-04-14,Spectroscopy,Severe,Medium,Warning Issued
424,Bread,BrandC,Bakery,Water,2024-05-11,Spectroscopy,Moderate,Low,Investigation Launched
425,Cheese,BrandE,Dairy,Melamine,2024-05-09,Microbiological Analysis,Severe,High,Investigation Launched
426,Chicken,BrandE,Meat,Artificial sweeteners,2024-04-10,Spectroscopy,Minor,Low,Fine Imposed
427,Butter,BrandC,Dairy,Melamine,2024-04-04,Chemical Analysis,Moderate,Low,Product Recall
428,Beef,BrandA,Meat,Artificial sweeteners,2024-04-30,Spectroscopy,Minor,Low,Product Recall
429,Chicken,BrandD,Meat,Coloring agents,2024-03-31,Sensory Evaluation,Severe,High,Fine Imposed
430,Juice,BrandD,Beverages,Chalk,2024-03-16,Chemical Analysis,Severe,Low,Product Recall
431,Chicken,BrandD,Meat,Water,2024-04-06,Spectroscopy,Severe,Medium,Investigation Launched
432,Yogurt,BrandB,Dairy,Water,2024-03-24,Microbiological Analysis,Severe,Low,Investigation Launched
433,Butter,BrandD,Dairy,Chalk,2024-05-19,Sensory Evaluation,Moderate,Low,Fine Imposed
434,Cheese,BrandD,Dairy,Artificial sweeteners,2024-02-29,Sensory Evaluation,Moderate,High,Product Recall
435,Yogurt,BrandE,Dairy,Coloring agents,2024-04-11,Sensory Evaluation,Moderate,High,Fine Imposed
436,Chicken,BrandD,Meat,Melamine,2024-05-17,Chemical Analysis,Minor,Low,Fine Imposed
437,Wine,BrandC,Beverages,Artificial sweeteners,2024-05-04,Spectroscopy,Moderate,Medium,Investigation Launched
438,Yogurt,BrandE,Dairy,Coloring agents,2024-04-16,Chemical Analysis,Minor,Low,Investigation Launched
439,Milk,BrandB,Dairy,Chalk,2024-05-30,Chemical Analysis,Moderate,Low,Product Recall
440,Bread,BrandE,Bakery,Melamine,2024-05-06,Spectroscopy,Minor,Medium,Fine Imposed
441,Milk,BrandA,Dairy,Water,2024-06-12,Chemical Analysis,Moderate,Low,Warning Issued
442,Wine,BrandB,Beverages,Coloring agents,2024-03-07,Sensory Evaluation,Severe,Low,Product Recall
443,Butter,BrandA,Dairy,Chalk,2024-04-17,Sensory Evaluation,Severe,Low,Fine Imposed
444,Yogurt,BrandA,Dairy,Chalk,2024-03-07,Chemical Analysis,Severe,High,Fine Imposed
445,Wine,BrandB,Beverages,Artificial sweeteners,2024-04-15,Chemical Analysis,Moderate,Low,Warning Issued
446,Wine,BrandA,Beverages,Water,2024-02-03,Microbiological Analysis,Minor,Medium,Investigation Launched
447,Yogurt,BrandA,Dairy,Artificial sweeteners,2024-05-31,Chemical Analysis,Minor,High,Product Recall
448,Milk,BrandA,Dairy,Coloring agents,2024-04-24,Chemical Analysis,Moderate,Medium,Fine Imposed
449,Chicken,BrandD,Meat,Melamine,2024-02-22,Microbiological Analysis,Moderate,Low,Investigation Launched
450,Yogurt,BrandE,Dairy,Artificial sweeteners,2024-04-02,Microbiological Analysis,Moderate,Low,Fine Imposed
451,Honey,BrandD,Condiments,Chalk,2024-05-12,Sensory Evaluation,Minor,Medium,Investigation Launched
452,Beef,BrandD,Meat,Artificial sweeteners,2024-05-23,Microbiological Analysis,Moderate,Low,Investigation Launched
453,Wine,BrandE,Beverages,Chalk,2024-01-20,Chemical Analysis,Minor,Low,Investigation Launched
454,Yogurt,BrandE,Dairy,Water,2024-04-14,Spectroscopy,Minor,Low,Fine Imposed
455,Cheese,BrandC,Dairy,Melamine,2024-02-26,Spectroscopy,Moderate,Low,Fine Imposed
456,Milk,BrandE,Dairy,Coloring agents,2024-02-16,Sensory Evaluation,Moderate,Low,Warning Issued
457,Milk,BrandD,Dairy,Chalk,2024-01-25,Sensory Evaluation,Minor,Low,Fine Imposed
458,Honey,BrandB,Condiments,Artificial sweeteners,2024-01-17,Sensory Evaluation,Minor,Low,Warning Issued
459,Butter,BrandE,Dairy,Coloring agents,2024-04-17,Sensory Evaluation,Severe,Low,Investigation Launched
460,Cheese,BrandB,Dairy,Chalk,2024-04-23,Microbiological Analysis,Minor,Medium,Fine Imposed
461,Cheese,BrandE,Dairy,Coloring agents,2024-04-25,Spectroscopy,Moderate,Medium,Fine Imposed
462,Wine,BrandD,Beverages,Coloring agents,2024-03-29,Chemical Analysis,Severe,High,Warning Issued
463,Cheese,BrandE,Dairy,Water,2024-04-15,Chemical Analysis,Minor,High,Investigation Launched
464,Butter,BrandE,Dairy,Artificial sweeteners,2024-06-30,Sensory Evaluation,Severe,High,Warning Issued
465,Juice,BrandE,Beverages,Coloring agents,2024-04-14,Spectroscopy,Minor,High,Warning Issued
466,Juice,BrandA,Beverages,Artificial sweeteners,2024-04-16,Sensory Evaluation,Moderate,Low,Fine Imposed
467,Juice,BrandE,Beverages,Chalk,2024-03-29,Microbiological Analysis,Severe,Medium,Product Recall
468,Wine,BrandE,Beverages,Melamine,2024-06-09,Chemical Analysis,Severe,Medium,Investigation Launched
469,Butter,BrandC,Dairy,Chalk,2024-03-25,Sensory Evaluation,Moderate,Low,Warning Issued
470,Juice,BrandC,Beverages,Chalk,2024-01-31,Sensory Evaluation,Minor,High,Warning Issued
471,Beef,BrandA,Meat,Chalk,2024-03-07,Chemical Analysis,Severe,Low,Product Recall
472,Yogurt,BrandC,Dairy,Coloring agents,2024-02-24,Microbiological Analysis,Minor,High,Fine Imposed
473,Milk,BrandE,Dairy,Melamine,2024-02-16,Sensory Evaluation,Severe,Low,Warning Issued
474,Bread,BrandE,Bakery,Coloring agents,2024-04-19,Chemical Analysis,Severe,Low,Fine Imposed
475,Bread,BrandE,Bakery,Artificial sweeteners,2024-04-19,Chemical Analysis,Moderate,High,Investigation Launched
476,Milk,BrandA,Dairy,Artificial sweeteners,2024-06-08,Microbiological Analysis,Moderate,High,Investigation Launched
477,Juice,BrandB,Beverages,Melamine,2024-04-16,Spectroscopy,Minor,Medium,Fine Imposed
478,Yogurt,BrandB,Dairy,Chalk,2024-05-27,Chemical Analysis,Minor,High,Investigation Launched
479,Yogurt,BrandD,Dairy,Coloring agents,2024-02-23,Chemical Analysis,Moderate,Medium,Product Recall
480,Juice,BrandC,Beverages,Water,2024-06-12,Sensory Evaluation,Moderate,Medium,Investigation Launched
481,Chicken,BrandB,Meat,Melamine,2024-06-12,Chemical Analysis,Moderate,Low,Warning Issued
482,Cheese,BrandC,Dairy,Coloring agents,2024-04-11,Chemical Analysis,Minor,Low,Warning Issued
483,Milk,BrandD,Dairy,Chalk,2024-06-03,Sensory Evaluation,Minor,Medium,Fine Imposed
484,Cheese,BrandD,Dairy,Chalk,2024-04-13,Sensory Evaluation,Moderate,Medium,Product Recall
485,Cheese,BrandD,Dairy,Water,2024-01-11,Spectroscopy,Moderate,Low,Product Recall
486,Milk,BrandB,Dairy,Artificial sweeteners,2024-03-31,Spectroscopy,Moderate,Medium,Warning Issued
487,Butter,BrandE,Dairy,Melamine,2024-03-30,Spectroscopy,Severe,High,Investigation Launched
488,Honey,BrandE,Condiments,Artificial sweeteners,2024-02-18,Spectroscopy,Minor,High,Fine Imposed
489,Yogurt,BrandC,Dairy,Artificial sweeteners,2024-01-22,Chemical Analysis,Severe,Medium,Fine Imposed
490,Bread,BrandA,Bakery,Artificial sweeteners,2024-01-01,Sensory Evaluation,Moderate,Low,Warning Issued
491,Yogurt,BrandD,Dairy,Water,2024-03-30,Spectroscopy,Severe,High,Investigation Launched
492,Butter,BrandD,Dairy,Water,2024-06-18,Chemical Analysis,Severe,Medium,Warning Issued
493,Butter,BrandA,Dairy,Water,2024-05-15,Microbiological Analysis,Minor,High,Warning Issued
494,Beef,BrandB,Meat,Artificial sweeteners,2024-02-03,Microbiological Analysis,Minor,Medium,Investigation Launched
495,Juice,BrandC,Beverages,Water,2024-02-01,Microbiological Analysis,Minor,Low,Fine Imposed
496,Milk,BrandB,Dairy,Chalk,2024-03-25,Microbiological Analysis,Severe,Low,Investigation Launched
497,Beef,BrandC,Meat,Artificial sweeteners,2024-01-10,Microbiological Analysis,Severe,High,Warning Issued
498,Juice,BrandB,Beverages,Artificial sweeteners,2024-01-18,Chemical Analysis,Severe,High,Investigation Launched
499,Juice,BrandE,Beverages,Water,2024-02-14,Spectroscopy,Severe,Low,Product Recall
500,Cheese,BrandC,Dairy,Water,2024-05-04,Sensory Evaluation,Moderate,High,Warning Issued
501,Yogurt,BrandC,Dairy,Coloring agents,2024-01-26,Spectroscopy,Moderate,High,Warning Issued
502,Beef,BrandA,Meat,Melamine,2024-06-30,Spectroscopy,Severe,High,Investigation Launched
503,Juice,BrandB,Beverages,Coloring agents,2024-05-28,Sensory Evaluation,Severe,High,Product Recall
504,Chicken,BrandE,Meat,Melamine,2024-04-28,Chemical Analysis,Severe,Low,Product Recall
505,Chicken,BrandE,Meat,Water,2024-03-27,Chemical Analysis,Moderate,Low,Fine Imposed
506,Butter,BrandD,Dairy,Chalk,2024-02-27,Spectroscopy,Moderate,Medium,Product Recall
507,Bread,BrandE,Bakery,Melamine,2024-01-24,Spectroscopy,Minor,Medium,Warning Issued
508,Wine,BrandD,Beverages,Coloring agents,2024-05-10,Spectroscopy,Moderate,Low,Warning Issued
509,Butter,BrandC,Dairy,Coloring agents,2024-01-07,Sensory Evaluation,Minor,High,Investigation Launched
510,Beef,BrandA,Meat,Coloring agents,2024-02-15,Spectroscopy,Minor,Low,Fine Imposed
511,Wine,BrandD,Beverages,Artificial sweeteners,2024-05-05,Microbiological Analysis,Moderate,High,Investigation Launched
512,Juice,BrandD,Beverages,Melamine,2024-02-22,Spectroscopy,Minor,High,Fine Imposed
513,Bread,BrandE,Bakery,Melamine,2024-04-25,Sensory Evaluation,Minor,Medium,Product Recall
514,Honey,BrandA,Condiments,Water,2024-03-21,Chemical Analysis,Minor,Low,Warning Issued
515,Wine,BrandA,Beverages,Water,2024-02-05,Chemical Analysis,Minor,Medium,Fine Imposed
516,Wine,BrandA,Beverages,Coloring agents,2024-05-10,Spectroscopy,Moderate,Low,Investigation Launched
517,Juice,BrandC,Beverages,Coloring agents,2024-05-01,Sensory Evaluation,Severe,Low,Fine Imposed
518,Yogurt,BrandC,Dairy,Coloring agents,2024-01-15,Spectroscopy,Moderate,High,Fine Imposed
519,Bread,BrandE,Bakery,Melamine,2024-05-24,Spectroscopy,Minor,High,Investigation Launched
520,Chicken,BrandD,Meat,Melamine,2024-06-23,Microbiological Analysis,Moderate,High,Investigation Launched
521,Milk,BrandC,Dairy,Coloring agents,2024-05-11,Spectroscopy,Severe,Low,Fine Imposed
522,Yogurt,BrandB,Dairy,Chalk,2024-05-26,Sensory Evaluation,Minor,High,Investigation Launched
523,Bread,BrandB,Bakery,Coloring agents,2024-02-19,Sensory Evaluation,Minor,Medium,Product Recall
524,Honey,BrandC,Condiments,Melamine,2024-01-29,Microbiological Analysis,Minor,Medium,Fine Imposed
525,Wine,BrandD,Beverages,Water,2024-06-20,Chemical Analysis,Minor,Medium,Fine Imposed
526,Yogurt,BrandA,Dairy,Coloring agents,2024-03-01,Spectroscopy,Severe,High,Investigation Launched
527,Beef,BrandE,Meat,Chalk,2024-06-04,Spectroscopy,Moderate,Low,Fine Imposed
528,Wine,BrandA,Beverages,Melamine,2024-03-16,Microbiological Analysis,Minor,Low,Warning Issued
529,Bread,BrandC,Bakery,Chalk,2024-01-04,Sensory Evaluation,Moderate,Low,Warning Issued
530,Honey,BrandB,Condiments,Artificial sweeteners,2024-04-26,Chemical Analysis,Minor,Medium,Product Recall
531,Wine,BrandC,Beverages,Coloring agents,2024-06-27,Spectroscopy,Moderate,High,Product Recall
532,Wine,BrandD,Beverages,Artificial sweeteners,2024-06-05,Spectroscopy,Severe,Low,Product Recall
533,Chicken,BrandA,Meat,Water,2024-01-11,Sensory Evaluation,Severe,Medium,Investigation Launched
534,Chicken,BrandE,Meat,Chalk,2024-03-28,Spectroscopy,Severe,Low,Investigation Launched
535,Chicken,BrandA,Meat,Chalk,2024-01-17,Spectroscopy,Moderate,Low,Fine Imposed
536,Beef,BrandE,Meat,Water,2024-01-15,Spectroscopy,Moderate,High,Product Recall
537,Juice,BrandA,Beverages,Water,2024-02-07,Sensory Evaluation,Minor,Medium,Warning Issued
538,Chicken,BrandD,Meat,Melamine,2024-01-09,Microbiological Analysis,Minor,Low,Product Recall
539,Juice,BrandA,Beverages,Artificial sweeteners,2024-03-05,Microbiological Analysis,Moderate,Medium,Fine Imposed
540,Wine,BrandA,Beverages,Water,2024-03-11,Sensory Evaluation,Minor,High,Investigation Launched
541,Beef,BrandA,Meat,Water,2024-05-19,Sensory Evaluation,Minor,Low,Product Recall
542,Bread,BrandB,Bakery,Artificial sweeteners,2024-01-14,Chemical Analysis,Severe,Low,Fine Imposed
543,Juice,BrandE,Beverages,Artificial sweeteners,2024-01-09,Microbiological Analysis,Severe,Medium,Investigation Launched
544,Yogurt,BrandB,Dairy,Artificial sweeteners,2024-04-16,Microbiological Analysis,Minor,Medium,Warning Issued
545,Yogurt,BrandC,Dairy,Artificial sweeteners,2024-03-20,Microbiological Analysis,Moderate,Medium,Product Recall
546,Milk,BrandD,Dairy,Chalk,2024-02-15,Microbiological Analysis,Minor,Medium,Investigation Launched
547,Butter,BrandC,Dairy,Melamine,2024-02-05,Chemical Analysis,Moderate,Medium,Fine Imposed
548,Chicken,BrandD,Meat,Melamine,2024-04-07,Sensory Evaluation,Minor,Medium,Warning Issued
549,Cheese,BrandA,Dairy,Chalk,2024-04-22,Spectroscopy,Severe,Low,Fine Imposed
550,Juice,BrandD,Beverages,Melamine,2024-06-22,Microbiological Analysis,Moderate,High,Product Recall
551,Wine,BrandB,Beverages,Artificial sweeteners,2024-01-19,Sensory Evaluation,Minor,High,Fine Imposed
552,Juice,BrandE,Beverages,Coloring agents,2024-01-27,Sensory Evaluation,Severe,Low,Product Recall
553,Beef,BrandB,Meat,Melamine,2024-03-31,Microbiological Analysis,Severe,Low,Product Recall
554,Chicken,BrandC,Meat,Artificial sweeteners,2024-01-23,Spectroscopy,Minor,High,Investigation Launched
555,Juice,BrandE,Beverages,Melamine,2024-01-29,Microbiological Analysis,Minor,High,Product Recall
556,Cheese,BrandE,Dairy,Melamine,2024-01-15,Chemical Analysis,Moderate,Low,Fine Imposed
557,Milk,BrandA,Dairy,Chalk,2024-03-05,Sensory Evaluation,Moderate,Medium,Investigation Launched
558,Bread,BrandC,Bakery,Water,2024-06-19,Sensory Evaluation,Minor,Medium,Product Recall
559,Milk,BrandA,Dairy,Coloring agents,2024-01-23,Microbiological Analysis,Severe,High,Investigation Launched
560,Milk,BrandA,Dairy,Melamine,2024-04-11,Spectroscopy,Severe,Medium,Fine Imposed
561,Wine,BrandC,Beverages,Water,2024-04-28,Microbiological Analysis,Moderate,Low,Product Recall
562,Wine,BrandB,Beverages,Water,2024-05-03,Microbiological Analysis,Minor,Medium,Fine Imposed
563,Yogurt,BrandB,Dairy,Melamine,2024-02-05,Spectroscopy,Minor,High,Fine Imposed
564,Beef,BrandD,Meat,Melamine,2024-04-10,Spectroscopy,Severe,Low,Fine Imposed
565,Bread,BrandC,Bakery,Melamine,2024-01-18,Sensory Evaluation,Moderate,Medium,Fine Imposed
566,Bread,BrandD,Bakery,Artificial sweeteners,2024-03-30,Chemical Analysis,Severe,Low,Warning Issued
567,Cheese,BrandB,Dairy,Water,2024-03-10,Microbiological Analysis,Severe,Low,Investigation Launched
568,Juice,BrandC,Beverages,Artificial sweeteners,2024-02-09,Spectroscopy,Severe,High,Product Recall
569,Milk,BrandD,Dairy,Artificial sweeteners,2024-06-24,Sensory Evaluation,Minor,Low,Warning Issued
570,Beef,BrandA,Meat,Melamine,2024-06-09,Microbiological Analysis,Severe,Medium,Fine Imposed
571,Milk,BrandC,Dairy,Coloring agents,2024-06-23,Microbiological Analysis,Severe,High,Product Recall
572,Butter,BrandE,Dairy,Melamine,2024-01-10,Microbiological Analysis,Minor,Low,Product Recall
573,Chicken,BrandD,Meat,Water,2024-03-11,Chemical Analysis,Minor,Low,Product Recall
574,Cheese,BrandC,Dairy,Artificial sweeteners,2024-05-07,Sensory Evaluation,Moderate,Medium,Product Recall
575,Beef,BrandC,Meat,Coloring agents,2024-01-17,Sensory Evaluation,Moderate,High,Investigation Launched
576,Yogurt,BrandD,Dairy,Melamine,2024-01-23,Sensory Evaluation,Severe,Medium,Warning Issued
577,Beef,BrandE,Meat,Artificial sweeteners,2024-06-06,Chemical Analysis,Moderate,Low,Warning Issued
578,Milk,BrandD,Dairy,Water,2024-02-15,Sensory Evaluation,Moderate,Medium,Fine Imposed
579,Bread,BrandB,Bakery,Melamine,2024-03-06,Sensory Evaluation,Minor,Low,Fine Imposed
580,Bread,BrandC,Bakery,Artificial sweeteners,2024-04-05,Microbiological Analysis,Severe,High,Product Recall
581,Bread,BrandB,Bakery,Water,2024-06-28,Sensory Evaluation,Minor,Low,Fine Imposed
582,Beef,BrandC,Meat,Coloring agents,2024-06-07,Spectroscopy,Severe,Medium,Warning Issued
583,Milk,BrandD,Dairy,Chalk,2024-02-03,Spectroscopy,Moderate,Medium,Product Recall
584,Honey,BrandB,Condiments,Chalk,2024-01-20,Spectroscopy,Minor,Low,Warning Issued
585,Wine,BrandA,Beverages,Artificial sweeteners,2024-05-27,Chemical Analysis,Moderate,Medium,Warning Issued
586,Yogurt,BrandC,Dairy,Chalk,2024-03-07,Chemical Analysis,Moderate,Medium,Investigation Launched
587,Wine,BrandE,Beverages,Melamine,2024-04-19,Spectroscopy,Minor,Medium,Investigation Launched
588,Chicken,BrandB,Meat,Chalk,2024-03-25,Spectroscopy,Severe,Low,Warning Issued
589,Bread,BrandC,Bakery,Melamine,2024-02-11,Spectroscopy,Moderate,Low,Fine Imposed
590,Butter,BrandC,Dairy,Melamine,2024-03-14,Sensory Evaluation,Severe,Medium,Investigation Launched
591,Wine,BrandD,Beverages,Water,2024-02-04,Sensory Evaluation,Minor,High,Investigation Launched
592,Juice,BrandD,Beverages,Melamine,2024-02-18,Sensory Evaluation,Minor,Low,Investigation Launched
593,Beef,BrandD,Meat,Water,2024-04-30,Spectroscopy,Moderate,High,Product Recall
594,Honey,BrandD,Condiments,Coloring agents,2024-06-10,Spectroscopy,Moderate,Low,Fine Imposed
595,Juice,BrandC,Beverages,Water,2024-01-16,Spectroscopy,Severe,Low,Investigation Launched
596,Milk,BrandC,Dairy,Chalk,2024-02-09,Sensory Evaluation,Severe,Low,Warning Issued
597,Wine,BrandC,Beverages,Chalk,2024-01-27,Spectroscopy,Severe,High,Investigation Launched
598,Milk,BrandB,Dairy,Water,2024-05-26,Sensory Evaluation,Severe,Medium,Fine Imposed
599,Wine,BrandA,Beverages,Melamine,2024-03-01,Spectroscopy,Minor,High,Product Recall
600,Bread,BrandA,Bakery,Water,2024-03-02,Chemical Analysis,Moderate,Medium,Product Recall
601,Yogurt,BrandD,Dairy,Artificial sweeteners,2024-04-30,Microbiological Analysis,Moderate,Medium,Investigation Launched
602,Wine,BrandC,Beverages,Chalk,2024-06-02,Chemical Analysis,Severe,High,Warning Issued
603,Beef,BrandE,Meat,Water,2024-02-01,Microbiological Analysis,Moderate,Medium,Investigation Launched
604,Wine,BrandC,Beverages,Artificial sweeteners,2024-04-29,Sensory Evaluation,Minor,High,Investigation Launched
605,Milk,BrandD,Dairy,Chalk,2024-04-18,Microbiological Analysis,Moderate,High,Product Recall
606,Honey,BrandC,Condiments,Melamine,2024-03-17,Sensory Evaluation,Minor,Low,Fine Imposed
607,Wine,BrandC,Beverages,Melamine,2024-01-20,Sensory Evaluation,Minor,High,Product Recall
608,Yogurt,BrandC,Dairy,Melamine,2024-05-13,Microbiological Analysis,Minor,Low,Fine Imposed
609,Cheese,BrandC,Dairy,Melamine,2024-02-26,Sensory Evaluation,Moderate,High,Investigation Launched
610,Yogurt,BrandA,Dairy,Coloring agents,2024-06-10,Spectroscopy,Moderate,High,Warning Issued
611,Juice,BrandD,Beverages,Coloring agents,2024-03-07,Sensory Evaluation,Severe,Low,Product Recall
612,Bread,BrandE,Bakery,Artificial sweeteners,2024-06-08,Microbiological Analysis,Moderate,Medium,Fine Imposed
613,Butter,BrandD,Dairy,Melamine,2024-04-15,Chemical Analysis,Moderate,Medium,Investigation Launched
614,Cheese,BrandC,Dairy,Water,2024-06-21,Microbiological Analysis,Moderate,High,Product Recall
615,Chicken,BrandE,Meat,Coloring agents,2024-06-05,Sensory Evaluation,Severe,High,Investigation Launched
616,Milk,BrandD,Dairy,Melamine,2024-05-03,Chemical Analysis,Severe,Low,Warning Issued
617,Milk,BrandE,Dairy,Artificial sweeteners,2024-06-08,Sensory Evaluation,Severe,Low,Fine Imposed
618,Butter,BrandE,Dairy,Coloring agents,2024-04-20,Microbiological Analysis,Severe,High,Warning Issued
619,Milk,BrandA,Dairy,Water,2024-03-09,Microbiological Analysis,Severe,Medium,Fine Imposed
620,Wine,BrandD,Beverages,Water,2024-04-10,Spectroscopy,Minor,Low,Investigation Launched
621,Milk,BrandA,Dairy,Melamine,2024-03-23,Sensory Evaluation,Severe,High,Fine Imposed
622,Beef,BrandB,Meat,Chalk,2024-04-15,Sensory Evaluation,Severe,Low,Product Recall
623,Bread,BrandA,Bakery,Chalk,2024-06-10,Chemical Analysis,Severe,Medium,Product Recall
624,Honey,BrandE,Condiments,Artificial sweeteners,2024-06-21,Spectroscopy,Moderate,Medium,Fine Imposed
625,Cheese,BrandD,Dairy,Melamine,2024-04-09,Microbiological Analysis,Moderate,High,Warning Issued
626,Chicken,BrandE,Meat,Melamine,2024-05-08,Sensory Evaluation,Severe,High,Product Recall
627,Beef,BrandE,Meat,Melamine,2024-01-16,Spectroscopy,Moderate,Medium,Fine Imposed
628,Milk,BrandC,Dairy,Water,2024-01-03,Spectroscopy,Moderate,Low,Product Recall
629,Bread,BrandC,Bakery,Coloring agents,2024-01-23,Spectroscopy,Minor,High,Investigation Launched
630,Honey,BrandC,Condiments,Water,2024-01-16,Spectroscopy,Minor,Medium,Product Recall
631,Bread,BrandD,Bakery,Chalk,2024-03-14,Sensory Evaluation,Severe,Medium,Product Recall
632,Beef,BrandE,Meat,Melamine,2024-06-28,Sensory Evaluation,Minor,High,Warning Issued
633,Yogurt,BrandB,Dairy,Chalk,2024-05-28,Spectroscopy,Severe,High,Warning Issued
634,Yogurt,BrandD,Dairy,Water,2024-02-22,Chemical Analysis,Minor,Low,Product Recall
635,Bread,BrandE,Bakery,Chalk,2024-04-10,Chemical Analysis,Severe,Low,Investigation Launched
636,Chicken,BrandE,Meat,Coloring agents,2024-01-31,Sensory Evaluation,Moderate,High,Product Recall
637,Yogurt,BrandB,Dairy,Melamine,2024-04-14,Microbiological Analysis,Minor,Low,Product Recall
638,Yogurt,BrandE,Dairy,Coloring agents,2024-06-29,Spectroscopy,Minor,High,Warning Issued
639,Beef,BrandE,Meat,Artificial sweeteners,2024-04-15,Sensory Evaluation,Moderate,Low,Product Recall
640,Honey,BrandB,Condiments,Artificial sweeteners,2024-04-22,Chemical Analysis,Severe,High,Warning Issued
641,Chicken,BrandC,Meat,Artificial sweeteners,2024-01-15,Chemical Analysis,Severe,Low,Product Recall
642,Wine,BrandB,Beverages,Water,2024-05-21,Spectroscopy,Moderate,Medium,Warning Issued
643,Juice,BrandC,Beverages,Chalk,2024-01-26,Chemical Analysis,Moderate,Medium,Fine Imposed
644,Milk,BrandE,Dairy,Artificial sweeteners,2024-04-04,Spectroscopy,Moderate,Low,Fine Imposed
645,Honey,BrandA,Condiments,Melamine,2024-03-29,Chemical Analysis,Moderate,High,Warning Issued
646,Butter,BrandC,Dairy,Artificial sweeteners,2024-02-10,Chemical Analysis,Severe,Low,Product Recall
647,Cheese,BrandC,Dairy,Water,2024-03-09,Microbiological Analysis,Minor,Low,Warning Issued
648,Cheese,BrandC,Dairy,Melamine,2024-02-26,Microbiological Analysis,Minor,Low,Product Recall
649,Beef,BrandB,Meat,Chalk,2024-03-14,Sensory Evaluation,Severe,Medium,Investigation Launched
650,Honey,BrandD,Condiments,Coloring agents,2024-02-16,Chemical Analysis,Moderate,High,Product Recall
651,Cheese,BrandD,Dairy,Coloring agents,2024-06-07,Spectroscopy,Severe,Medium,Fine Imposed
652,Chicken,BrandB,Meat,Chalk,2024-03-16,Spectroscopy,Minor,High,Investigation Launched
653,Bread,BrandE,Bakery,Artificial sweeteners,2024-05-18,Sensory Evaluation,Moderate,Low,Product Recall
654,Beef,BrandD,Meat,Coloring agents,2024-03-29,Microbiological Analysis,Moderate,High,Warning Issued
655,Cheese,BrandB,Dairy,Melamine,2024-01-24,Microbiological Analysis,Severe,Medium,Warning Issued
656,Bread,BrandC,Bakery,Artificial sweeteners,2024-06-26,Spectroscopy,Severe,Medium,Fine Imposed
657,Honey,BrandE,Condiments,Chalk,2024-01-10,Spectroscopy,Moderate,Low,Investigation Launched
658,Cheese,BrandE,Dairy,Coloring agents,2024-03-09,Microbiological Analysis,Moderate,Low,Fine Imposed
659,Bread,BrandE,Bakery,Coloring agents,2024-01-22,Spectroscopy,Minor,High,Investigation Launched
660,Honey,BrandD,Condiments,Melamine,2024-04-01,Chemical Analysis,Moderate,High,Product Recall
661,Wine,BrandA,Beverages,Coloring agents,2024-03-11,Microbiological Analysis,Severe,Low,Warning Issued
662,Butter,BrandC,Dairy,Chalk,2024-06-30,Microbiological Analysis,Severe,Medium,Product Recall
663,Butter,BrandB,Dairy,Artificial sweeteners,2024-05-13,Microbiological Analysis,Moderate,Medium,Product Recall
664,Honey,BrandA,Condiments,Water,2024-03-25,Microbiological Analysis,Moderate,Medium,Product Recall
665,Juice,BrandE,Beverages,Melamine,2024-05-20,Chemical Analysis,Moderate,Low,Product Recall
666,Juice,BrandA,Beverages,Artificial sweeteners,2024-01-31,Spectroscopy,Severe,High,Warning Issued
667,Wine,BrandE,Beverages,Water,2024-03-25,Microbiological Analysis,Minor,Low,Product Recall
668,Wine,BrandE,Beverages,Artificial sweeteners,2024-06-13,Microbiological Analysis,Severe,Low,Product Recall
669,Cheese,BrandC,Dairy,Coloring agents,2024-03-19,Microbiological Analysis,Minor,Low,Warning Issued
670,Beef,BrandA,Meat,Melamine,2024-06-17,Spectroscopy,Moderate,Medium,Fine Imposed
671,Bread,BrandC,Bakery,Water,2024-02-29,Chemical Analysis,Minor,High,Fine Imposed
672,Butter,BrandC,Dairy,Water,2024-01-14,Spectroscopy,Moderate,Low,Warning Issued
673,Cheese,BrandD,Dairy,Coloring agents,2024-05-27,Spectroscopy,Minor,Low,Warning Issued
674,Honey,BrandE,Condiments,Artificial sweeteners,2024-06-12,Sensory Evaluation,Minor,Low,Investigation Launched
675,Cheese,BrandA,Dairy,Coloring agents,2024-06-13,Chemical Analysis,Minor,High,Warning Issued
676,Yogurt,BrandC,Dairy,Chalk,2024-02-16,Chemical Analysis,Severe,Low,Fine Imposed
677,Yogurt,BrandD,Dairy,Artificial sweeteners,2024-03-09,Microbiological Analysis,Severe,Low,Investigation Launched
678,Bread,BrandA,Bakery,Water,2024-01-16,Sensory Evaluation,Moderate,Medium,Fine Imposed
679,Butter,BrandC,Dairy,Melamine,2024-02-12,Spectroscopy,Severe,High,Investigation Launched
680,Bread,BrandD,Bakery,Water,2024-05-11,Chemical Analysis,Severe,Low,Warning Issued
681,Bread,BrandC,Bakery,Coloring agents,2024-01-28,Microbiological Analysis,Severe,Medium,Warning Issued
682,Milk,BrandC,Dairy,Coloring agents,2024-01-30,Chemical Analysis,Moderate,High,Warning Issued
683,Juice,BrandD,Beverages,Artificial sweeteners,2024-05-03,Microbiological Analysis,Severe,Low,Fine Imposed
684,Wine,BrandC,Beverages,Water,2024-04-18,Sensory Evaluation,Minor,Medium,Warning Issued
685,Juice,BrandB,Beverages,Chalk,2024-01-10,Sensory Evaluation,Severe,Medium,Investigation Launched
686,Chicken,BrandB,Meat,Water,2024-05-26,Chemical Analysis,Severe,Low,Fine Imposed
687,Beef,BrandC,Meat,Chalk,2024-02-08,Sensory Evaluation,Minor,Low,Warning Issued
688,Juice,BrandC,Beverages,Melamine,2024-02-25,Spectroscopy,Severe,High,Product Recall
689,Beef,BrandE,Meat,Melamine,2024-03-01,Chemical Analysis,Severe,Medium,Investigation Launched
690,Cheese,BrandB,Dairy,Coloring agents,2024-04-16,Chemical Analysis,Severe,Low,Warning Issued
691,Honey,BrandC,Condiments,Melamine,2024-01-15,Microbiological Analysis,Moderate,Medium,Warning Issued
692,Wine,BrandD,Beverages,Artificial sweeteners,2024-03-01,Microbiological Analysis,Moderate,Medium,Fine Imposed
693,Wine,BrandA,Beverages,Chalk,2024-05-04,Microbiological Analysis,Severe,Medium,Product Recall
694,Bread,BrandB,Bakery,Coloring agents,2024-06-25,Sensory Evaluation,Moderate,Low,Fine Imposed
695,Wine,BrandD,Beverages,Melamine,2024-02-27,Sensory Evaluation,Moderate,High,Investigation Launched
696,Yogurt,BrandD,Dairy,Water,2024-04-09,Microbiological Analysis,Severe,Medium,Warning Issued
697,Juice,BrandD,Beverages,Artificial sweeteners,2024-03-07,Spectroscopy,Severe,High,Investigation Launched
698,Yogurt,BrandD,Dairy,Chalk,2024-05-08,Spectroscopy,Moderate,Low,Fine Imposed
699,Beef,BrandC,Meat,Water,2024-05-13,Sensory Evaluation,Severe,Medium,Fine Imposed
700,Chicken,BrandA,Meat,Coloring agents,2024-05-10,Microbiological Analysis,Minor,Low,Fine Imposed
701,Yogurt,BrandB,Dairy,Chalk,2024-04-26,Sensory Evaluation,Moderate,Medium,Investigation Launched
702,Chicken,BrandC,Meat,Chalk,2024-05-23,Microbiological Analysis,Minor,High,Warning Issued
703,Honey,BrandA,Condiments,Artificial sweeteners,2024-01-09,Sensory Evaluation,Moderate,Low,Product Recall
704,Beef,BrandB,Meat,Water,2024-04-08,Sensory Evaluation,Minor,Low,Fine Imposed
705,Butter,BrandA,Dairy,Water,2024-01-21,Chemical Analysis,Minor,High,Product Recall
706,Chicken,BrandE,Meat,Artificial sweeteners,2024-02-05,Chemical Analysis,Minor,High,Product Recall
707,Cheese,BrandD,Dairy,Artificial sweeteners,2024-06-02,Microbiological Analysis,Minor,High,Fine Imposed
708,Honey,BrandD,Condiments,Chalk,2024-01-03,Microbiological Analysis,Minor,Low,Investigation Launched
709,Juice,BrandC,Beverages,Chalk,2024-01-31,Spectroscopy,Minor,Medium,Product Recall
710,Yogurt,BrandE,Dairy,Coloring agents,2024-02-24,Microbiological Analysis,Moderate,Medium,Product Recall
711,Cheese,BrandE,Dairy,Water,2024-04-26,Chemical Analysis,Severe,High,Product Recall
712,Yogurt,BrandB,Dairy,Chalk,2024-04-05,Spectroscopy,Severe,Low,Product Recall
713,Milk,BrandC,Dairy,Chalk,2024-05-31,Spectroscopy,Minor,Low,Investigation Launched
714,Milk,BrandE,Dairy,Water,2024-02-08,Sensory Evaluation,Minor,Low,Fine Imposed
715,Beef,BrandC,Meat,Artificial sweeteners,2024-05-24,Microbiological Analysis,Severe,Medium,Fine Imposed
716,Cheese,BrandB,Dairy,Coloring agents,2024-06-19,Microbiological Analysis,Severe,Medium,Warning Issued
717,Bread,BrandB,Bakery,Coloring agents,2024-06-05,Chemical Analysis,Severe,Low,Fine Imposed
718,Juice,BrandE,Beverages,Artificial sweeteners,2024-03-27,Chemical Analysis,Moderate,High,Investigation Launched
719,Bread,BrandA,Bakery,Melamine,2024-04-24,Sensory Evaluation,Minor,Low,Product Recall
720,Chicken,BrandB,Meat,Coloring agents,2024-01-11,Microbiological Analysis,Moderate,Low,Investigation Launched
721,Juice,BrandB,Beverages,Melamine,2024-02-01,Spectroscopy,Moderate,Low,Warning Issued
722,Milk,BrandE,Dairy,Water,2024-05-06,Chemical Analysis,Severe,High,Fine Imposed
723,Butter,BrandC,Dairy,Water,2024-02-09,Spectroscopy,Moderate,High,Warning Issued
724,Bread,BrandA,Bakery,Chalk,2024-04-01,Sensory Evaluation,Severe,High,Warning Issued
725,Beef,BrandB,Meat,Water,2024-05-28,Sensory Evaluation,Moderate,Medium,Investigation Launched
726,Chicken,BrandC,Meat,Coloring agents,2024-04-07,Spectroscopy,Moderate,Low,Investigation Launched
727,Yogurt,BrandE,Dairy,Coloring agents,2024-04-09,Sensory Evaluation,Moderate,High,Warning Issued
728,Bread,BrandE,Bakery,Artificial sweeteners,2024-02-28,Sensory Evaluation,Minor,Medium,Warning Issued
729,Milk,BrandB,Dairy,Water,2024-03-22,Spectroscopy,Severe,Low,Fine Imposed
730,Chicken,BrandC,Meat,Coloring agents,2024-01-09,Sensory Evaluation,Minor,Medium,Fine Imposed
731,Beef,BrandC,Meat,Water,2024-05-17,Sensory Evaluation,Severe,Medium,Investigation Launched
732,Juice,BrandA,Beverages,Chalk,2024-06-04,Microbiological Analysis,Moderate,Medium,Investigation Launched
733,Honey,BrandE,Condiments,Chalk,2024-03-01,Chemical Analysis,Severe,High,Investigation Launched
734,Chicken,BrandA,Meat,Artificial sweeteners,2024-04-01,Microbiological Analysis,Minor,Medium,Fine Imposed
735,Yogurt,BrandC,Dairy,Chalk,2024-02-23,Microbiological Analysis,Severe,Low,Investigation Launched
736,Chicken,BrandA,Meat,Artificial sweeteners,2024-05-25,Sensory Evaluation,Moderate,High,Investigation Launched
737,Cheese,BrandB,Dairy,Artificial sweeteners,2024-05-06,Chemical Analysis,Moderate,High,Investigation Launched
738,Yogurt,BrandE,Dairy,Coloring agents,2024-03-28,Chemical Analysis,Severe,Low,Fine Imposed
739,Juice,BrandC,Beverages,Coloring agents,2024-01-23,Chemical Analysis,Severe,High,Investigation Launched
740,Wine,BrandE,Beverages,Water,2024-04-09,Microbiological Analysis,Moderate,High,Product Recall
741,Butter,BrandD,Dairy,Melamine,2024-02-07,Chemical Analysis,Minor,Low,Warning Issued
742,Milk,BrandA,Dairy,Artificial sweeteners,2024-05-07,Microbiological Analysis,Severe,Low,Warning Issued
743,Juice,BrandA,Beverages,Water,2024-06-27,Chemical Analysis,Minor,Medium,Fine Imposed
744,Butter,BrandA,Dairy,Artificial sweeteners,2024-02-24,Spectroscopy,Minor,Low,Fine Imposed
745,Juice,BrandD,Beverages,Artificial sweeteners,2024-01-09,Microbiological Analysis,Minor,Low,Investigation Launched
746,Butter,BrandC,Dairy,Chalk,2024-06-30,Sensory Evaluation,Moderate,Low,Product Recall
747,Cheese,BrandE,Dairy,Artificial sweeteners,2024-05-20,Sensory Evaluation,Moderate,Low,Investigation Launched
748,Chicken,BrandB,Meat,Coloring agents,2024-02-02,Sensory Evaluation,Minor,Medium,Warning Issued
749,Bread,BrandB,Bakery,Melamine,2024-06-04,Sensory Evaluation,Minor,Low,Warning Issued
750,Juice,BrandC,Beverages,Chalk,2024-06-03,Microbiological Analysis,Moderate,High,Investigation Launched
751,Cheese,BrandA,Dairy,Coloring agents,2024-01-13,Chemical Analysis,Moderate,Medium,Product Recall
752,Wine,BrandD,Beverages,Artificial sweeteners,2024-05-12,Sensory Evaluation,Minor,Low,Investigation Launched
753,Honey,BrandB,Condiments,Melamine,2024-05-26,Chemical Analysis,Moderate,Low,Fine Imposed
754,Beef,BrandD,Meat,Coloring agents,2024-03-22,Spectroscopy,Minor,Medium,Investigation Launched
755,Chicken,BrandE,Meat,Water,2024-01-12,Spectroscopy,Severe,High,Product Recall
756,Wine,BrandB,Beverages,Coloring agents,2024-05-22,Spectroscopy,Moderate,High,Fine Imposed
757,Honey,BrandA,Condiments,Artificial sweeteners,2024-03-26,Microbiological Analysis,Moderate,Medium,Product Recall
758,Cheese,BrandA,Dairy,Water,2024-03-18,Chemical Analysis,Severe,Medium,Investigation Launched
759,Bread,BrandE,Bakery,Artificial sweeteners,2024-03-05,Spectroscopy,Severe,High,Fine Imposed
760,Butter,BrandC,Dairy,Water,2024-04-16,Sensory Evaluation,Severe,Medium,Fine Imposed
761,Butter,BrandC,Dairy,Water,2024-03-19,Spectroscopy,Severe,Medium,Investigation Launched
762,Beef,BrandB,Meat,Artificial sweeteners,2024-02-10,Chemical Analysis,Moderate,Low,Fine Imposed
763,Chicken,BrandA,Meat,Melamine,2024-04-15,Sensory Evaluation,Minor,Low,Product Recall
764,Bread,BrandC,Bakery,Coloring agents,2024-06-26,Sensory Evaluation,Moderate,Low,Fine Imposed
765,Honey,BrandC,Condiments,Coloring agents,2024-05-16,Sensory Evaluation,Minor,Medium,Product Recall
766,Juice,BrandC,Beverages,Artificial sweeteners,2024-04-23,Spectroscopy,Minor,Medium,Product Recall
767,Beef,BrandD,Meat,Coloring agents,2024-06-19,Microbiological Analysis,Moderate,Low,Fine Imposed
768,Juice,BrandE,Beverages,Chalk,2024-04-19,Spectroscopy,Severe,High,Product Recall
769,Milk,BrandC,Dairy,Water,2024-02-18,Microbiological Analysis,Minor,Medium,Product Recall
770,Yogurt,BrandE,Dairy,Coloring agents,2024-05-24,Microbiological Analysis,Minor,Low,Fine Imposed
771,Honey,BrandA,Condiments,Artificial sweeteners,2024-03-28,Sensory Evaluation,Minor,Low,Product Recall
772,Chicken,BrandE,Meat,Water,2024-05-08,Chemical Analysis,Moderate,High,Investigation Launched
773,Wine,BrandD,Beverages,Melamine,2024-01-15,Chemical Analysis,Moderate,High,Product Recall
774,Bread,BrandD,Bakery,Melamine,2024-04-23,Sensory Evaluation,Minor,Medium,Warning Issued
775,Milk,BrandB,Dairy,Melamine,2024-02-19,Spectroscopy,Severe,High,Warning Issued
776,Wine,BrandB,Beverages,Coloring agents,2024-02-20,Sensory Evaluation,Minor,Medium,Warning Issued
777,Cheese,BrandD,Dairy,Melamine,2024-02-15,Spectroscopy,Severe,High,Investigation Launched
778,Butter,BrandB,Dairy,Artificial sweeteners,2024-06-23,Chemical Analysis,Minor,Low,Fine Imposed
779,Butter,BrandA,Dairy,Coloring agents,2024-01-09,Chemical Analysis,Minor,Low,Investigation Launched
780,Juice,BrandC,Beverages,Melamine,2024-02-28,Spectroscopy,Minor,High,Investigation Launched
781,Cheese,BrandD,Dairy,Coloring agents,2024-06-12,Microbiological Analysis,Minor,High,Fine Imposed
782,Honey,BrandE,Condiments,Water,2024-03-30,Sensory Evaluation,Severe,High,Fine Imposed
783,Yogurt,BrandA,Dairy,Chalk,2024-05-06,Chemical Analysis,Moderate,High,Fine Imposed
784,Yogurt,BrandC,Dairy,Chalk,2024-06-18,Spectroscopy,Severe,Low,Fine Imposed
785,Chicken,BrandB,Meat,Coloring agents,2024-04-21,Chemical Analysis,Minor,Low,Investigation Launched
786,Juice,BrandD,Beverages,Chalk,2024-02-17,Sensory Evaluation,Minor,High,Investigation Launched
787,Cheese,BrandD,Dairy,Water,2024-04-30,Sensory Evaluation,Severe,Medium,Fine Imposed
788,Butter,BrandE,Dairy,Artificial sweeteners,2024-01-23,Sensory Evaluation,Severe,Low,Investigation Launched
789,Chicken,BrandE,Meat,Melamine,2024-06-25,Microbiological Analysis,Severe,Medium,Product Recall
790,Butter,BrandA,Dairy,Coloring agents,2024-04-01,Sensory Evaluation,Minor,Medium,Investigation Launched
791,Yogurt,BrandA,Dairy,Artificial sweeteners,2024-06-04,Spectroscopy,Moderate,Medium,Warning Issued
792,Juice,BrandA,Beverages,Coloring agents,2024-05-17,Chemical Analysis,Minor,High,Warning Issued
793,Cheese,BrandA,Dairy,Water,2024-06-13,Sensory Evaluation,Minor,High,Product Recall
794,Bread,BrandA,Bakery,Melamine,2024-05-22,Chemical Analysis,Minor,High,Investigation Launched
795,Milk,BrandE,Dairy,Chalk,2024-03-06,Chemical Analysis,Minor,High,Fine Imposed
796,Milk,BrandC,Dairy,Melamine,2024-04-15,Chemical Analysis,Moderate,Medium,Product Recall
797,Bread,BrandB,Bakery,Artificial sweeteners,2024-04-05,Chemical Analysis,Severe,High,Warning Issued
798,Yogurt,BrandD,Dairy,Melamine,2024-04-17,Chemical Analysis,Severe,Medium,Fine Imposed
799,Chicken,BrandC,Meat,Artificial sweeteners,2024-03-24,Sensory Evaluation,Moderate,Low,Investigation Launched
800,Wine,BrandD,Beverages,Melamine,2024-01-12,Spectroscopy,Severe,Medium,Investigation Launched
801,Honey,BrandA,Condiments,Water,2024-01-11,Chemical Analysis,Moderate,Medium,Product Recall
802,Cheese,BrandA,Dairy,Chalk,2024-05-10,Spectroscopy,Moderate,Medium,Product Recall
803,Butter,BrandA,Dairy,Chalk,2024-02-28,Microbiological Analysis,Moderate,High,Warning Issued
804,Wine,BrandA,Beverages,Water,2024-01-12,Microbiological Analysis,Minor,Medium,Product Recall
805,Honey,BrandA,Condiments,Water,2024-03-28,Sensory Evaluation,Moderate,Low,Warning Issued
806,Milk,BrandD,Dairy,Water,2024-06-14,Chemical Analysis,Moderate,Medium,Investigation Launched
807,Chicken,BrandB,Meat,Coloring agents,2024-05-01,Sensory Evaluation,Severe,Medium,Fine Imposed
808,Chicken,BrandA,Meat,Melamine,2024-06-12,Sensory Evaluation,Minor,Medium,Warning Issued
809,Yogurt,BrandB,Dairy,Chalk,2024-03-10,Spectroscopy,Severe,High,Investigation Launched
810,Chicken,BrandB,Meat,Chalk,2024-04-05,Microbiological Analysis,Severe,Low,Fine Imposed
811,Honey,BrandE,Condiments,Melamine,2024-05-20,Spectroscopy,Severe,High,Warning Issued
812,Juice,BrandD,Beverages,Coloring agents,2024-02-20,Sensory Evaluation,Moderate,Low,Warning Issued
813,Juice,BrandE,Beverages,Artificial sweeteners,2024-04-15,Sensory Evaluation,Minor,Low,Warning Issued
814,Milk,BrandC,Dairy,Coloring agents,2024-01-21,Chemical Analysis,Severe,Low,Warning Issued
815,Wine,BrandA,Beverages,Artificial sweeteners,2024-03-07,Microbiological Analysis,Moderate,Medium,Warning Issued
816,Chicken,BrandA,Meat,Chalk,2024-04-21,Chemical Analysis,Minor,High,Product Recall
817,Bread,BrandB,Bakery,Melamine,2024-03-16,Microbiological Analysis,Minor,Low,Warning Issued
818,Chicken,BrandE,Meat,Coloring agents,2024-02-13,Chemical Analysis,Severe,High,Investigation Launched
819,Chicken,BrandD,Meat,Water,2024-05-10,Microbiological Analysis,Moderate,Medium,Investigation Launched
820,Beef,BrandA,Meat,Artificial sweeteners,2024-02-18,Chemical Analysis,Severe,Medium,Product Recall
821,Wine,BrandD,Beverages,Coloring agents,2024-06-04,Microbiological Analysis,Severe,Low,Product Recall
822,Yogurt,BrandC,Dairy,Coloring agents,2024-01-29,Microbiological Analysis,Minor,Medium,Product Recall
823,Bread,BrandB,Bakery,Coloring agents,2024-06-03,Sensory Evaluation,Moderate,Medium,Product Recall
824,Wine,BrandC,Beverages,Coloring agents,2024-05-07,Sensory Evaluation,Minor,High,Fine Imposed
825,Honey,BrandD,Condiments,Melamine,2024-04-09,Microbiological Analysis,Minor,Medium,Fine Imposed
826,Wine,BrandE,Beverages,Coloring agents,2024-01-04,Sensory Evaluation,Minor,Medium,Product Recall
827,Juice,BrandA,Beverages,Chalk,2024-01-31,Chemical Analysis,Minor,High,Product Recall
828,Beef,BrandC,Meat,Artificial sweeteners,2024-03-10,Microbiological Analysis,Severe,High,Fine Imposed
829,Butter,BrandA,Dairy,Coloring agents,2024-05-04,Sensory Evaluation,Severe,High,Warning Issued
830,Juice,BrandA,Beverages,Melamine,2024-06-18,Microbiological Analysis,Minor,Medium,Product Recall
831,Yogurt,BrandD,Dairy,Coloring agents,2024-02-05,Spectroscopy,Severe,Medium,Investigation Launched
832,Chicken,BrandD,Meat,Chalk,2024-06-03,Sensory Evaluation,Minor,High,Product Recall
833,Cheese,BrandD,Dairy,Chalk,2024-01-12,Microbiological Analysis,Moderate,Medium,Investigation Launched
834,Juice,BrandC,Beverages,Melamine,2024-01-05,Spectroscopy,Moderate,High,Fine Imposed
835,Chicken,BrandB,Meat,Water,2024-06-18,Sensory Evaluation,Severe,Low,Product Recall
836,Bread,BrandC,Bakery,Chalk,2024-05-27,Sensory Evaluation,Severe,High,Investigation Launched
837,Beef,BrandE,Meat,Artificial sweeteners,2024-02-28,Spectroscopy,Severe,High,Investigation Launched
838,Yogurt,BrandC,Dairy,Artificial sweeteners,2024-05-12,Spectroscopy,Severe,Medium,Fine Imposed
839,Bread,BrandA,Bakery,Artificial sweeteners,2024-04-02,Sensory Evaluation,Severe,High,Product Recall
840,Chicken,BrandE,Meat,Melamine,2024-04-14,Chemical Analysis,Minor,High,Warning Issued
841,Yogurt,BrandA,Dairy,Coloring agents,2024-06-15,Chemical Analysis,Severe,High,Fine Imposed
842,Bread,BrandA,Bakery,Coloring agents,2024-06-01,Microbiological Analysis,Minor,Low,Product Recall
843,Chicken,BrandA,Meat,Chalk,2024-01-07,Spectroscopy,Severe,Medium,Fine Imposed
844,Wine,BrandE,Beverages,Water,2024-01-17,Spectroscopy,Minor,Low,Product Recall
845,Milk,BrandD,Dairy,Chalk,2024-03-21,Microbiological Analysis,Severe,High,Fine Imposed
846,Yogurt,BrandD,Dairy,Artificial sweeteners,2024-04-16,Chemical Analysis,Moderate,High,Product Recall
847,Beef,BrandA,Meat,Coloring agents,2024-02-12,Spectroscopy,Severe,High,Fine Imposed
848,Bread,BrandA,Bakery,Water,2024-06-03,Chemical Analysis,Minor,Medium,Fine Imposed
849,Beef,BrandC,Meat,Artificial sweeteners,2024-05-19,Sensory Evaluation,Severe,High,Warning Issued
850,Cheese,BrandB,Dairy,Coloring agents,2024-01-08,Spectroscopy,Moderate,Medium,Product Recall
851,Butter,BrandB,Dairy,Artificial sweeteners,2024-02-28,Chemical Analysis,Severe,Medium,Fine Imposed
852,Bread,BrandA,Bakery,Artificial sweeteners,2024-01-06,Chemical Analysis,Minor,Low,Warning Issued
853,Wine,BrandB,Beverages,Chalk,2024-02-05,Sensory Evaluation,Severe,Low,Investigation Launched
854,Butter,BrandD,Dairy,Chalk,2024-05-08,Chemical Analysis,Minor,Low,Product Recall
855,Juice,BrandD,Beverages,Artificial sweeteners,2024-05-04,Spectroscopy,Moderate,High,Fine Imposed
856,Beef,BrandE,Meat,Artificial sweeteners,2024-01-04,Spectroscopy,Moderate,Low,Investigation Launched
857,Wine,BrandE,Beverages,Melamine,2024-01-10,Spectroscopy,Severe,Medium,Warning Issued
858,Beef,BrandD,Meat,Melamine,2024-01-14,Microbiological Analysis,Minor,Low,Product Recall
859,Bread,BrandC,Bakery,Artificial sweeteners,2024-03-19,Microbiological Analysis,Severe,High,Investigation Launched
860,Beef,BrandD,Meat,Coloring agents,2024-04-07,Spectroscopy,Minor,Low,Fine Imposed
861,Honey,BrandA,Condiments,Chalk,2024-06-23,Microbiological Analysis,Moderate,High,Product Recall
862,Bread,BrandA,Bakery,Chalk,2024-03-18,Microbiological Analysis,Severe,Medium,Product Recall
863,Butter,BrandD,Dairy,Water,2024-01-19,Sensory Evaluation,Minor,Low,Fine Imposed
864,Wine,BrandB,Beverages,Artificial sweeteners,2024-05-22,Spectroscopy,Minor,High,Investigation Launched
865,Honey,BrandD,Condiments,Water,2024-05-18,Chemical Analysis,Minor,Low,Fine Imposed
866,Butter,BrandD,Dairy,Water,2024-06-26,Microbiological Analysis,Moderate,Low,Product Recall
867,Milk,BrandE,Dairy,Chalk,2024-04-06,Chemical Analysis,Severe,Low,Fine Imposed
868,Chicken,BrandE,Meat,Chalk,2024-03-27,Chemical Analysis,Severe,Low,Product Recall
869,Milk,BrandE,Dairy,Chalk,2024-05-02,Spectroscopy,Moderate,Low,Investigation Launched
870,Wine,BrandB,Beverages,Artificial sweeteners,2024-03-13,Microbiological Analysis,Minor,High,Warning Issued
871,Beef,BrandE,Meat,Water,2024-05-24,Sensory Evaluation,Moderate,Low,Investigation Launched
872,Chicken,BrandC,Meat,Chalk,2024-06-27,Spectroscopy,Severe,Medium,Product Recall
873,Milk,BrandC,Dairy,Water,2024-06-25,Sensory Evaluation,Minor,High,Investigation Launched
874,Chicken,BrandA,Meat,Coloring agents,2024-02-17,Chemical Analysis,Severe,High,Investigation Launched
875,Butter,BrandD,Dairy,Water,2024-04-16,Sensory Evaluation,Severe,High,Warning Issued
876,Yogurt,BrandC,Dairy,Coloring agents,2024-01-11,Spectroscopy,Severe,Medium,Product Recall
877,Wine,BrandC,Beverages,Chalk,2024-06-02,Microbiological Analysis,Minor,Medium,Investigation Launched
878,Juice,BrandC,Beverages,Chalk,2024-05-22,Sensory Evaluation,Minor,Low,Fine Imposed
879,Yogurt,BrandB,Dairy,Coloring agents,2024-01-15,Spectroscopy,Severe,Medium,Investigation Launched
880,Milk,BrandA,Dairy,Water,2024-05-21,Chemical Analysis,Moderate,Low,Fine Imposed
881,Butter,BrandA,Dairy,Water,2024-03-29,Microbiological Analysis,Minor,High,Product Recall
882,Wine,BrandC,Beverages,Melamine,2024-05-24,Microbiological Analysis,Minor,High,Investigation Launched
883,Butter,BrandA,Dairy,Chalk,2024-06-28,Spectroscopy,Minor,Medium,Product Recall
884,Milk,BrandD,Dairy,Water,2024-03-26,Spectroscopy,Moderate,Medium,Product Recall
885,Juice,BrandA,Beverages,Water,2024-01-05,Sensory Evaluation,Minor,High,Fine Imposed
886,Milk,BrandB,Dairy,Water,2024-02-15,Chemical Analysis,Moderate,Low,Warning Issued
887,Wine,BrandD,Beverages,Coloring agents,2024-02-12,Microbiological Analysis,Moderate,Medium,Investigation Launched
888,Honey,BrandC,Condiments,Water,2024-02-16,Sensory Evaluation,Moderate,High,Investigation Launched
889,Chicken,BrandB,Meat,Artificial sweeteners,2024-01-06,Microbiological Analysis,Moderate,Medium,Investigation Launched
890,Chicken,BrandC,Meat,Coloring agents,2024-04-23,Spectroscopy,Moderate,High,Product Recall
891,Butter,BrandB,Dairy,Coloring agents,2024-06-15,Microbiological Analysis,Moderate,Low,Product Recall
892,Wine,BrandB,Beverages,Water,2024-01-23,Sensory Evaluation,Moderate,Low,Fine Imposed
893,Wine,BrandA,Beverages,Coloring agents,2024-01-29,Chemical Analysis,Minor,Low,Warning Issued
894,Milk,BrandE,Dairy,Coloring agents,2024-05-26,Spectroscopy,Minor,Low,Investigation Launched
895,Chicken,BrandD,Meat,Artificial sweeteners,2024-03-06,Sensory Evaluation,Minor,Medium,Investigation Launched
896,Bread,BrandA,Bakery,Water,2024-06-19,Microbiological Analysis,Moderate,Low,Product Recall
897,Juice,BrandE,Beverages,Melamine,2024-04-24,Microbiological Analysis,Moderate,Low,Investigation Launched
898,Wine,BrandC,Beverages,Coloring agents,2024-01-04,Microbiological Analysis,Severe,High,Warning Issued
899,Chicken,BrandB,Meat,Chalk,2024-02-29,Sensory Evaluation,Minor,Medium,Product Recall
900,Wine,BrandC,Beverages,Melamine,2024-04-21,Spectroscopy,Moderate,High,Investigation Launched
901,Bread,BrandA,Bakery,Water,2024-03-20,Chemical Analysis,Minor,High,Product Recall
902,Wine,BrandD,Beverages,Chalk,2024-02-06,Microbiological Analysis,Moderate,Medium,Product Recall
903,Juice,BrandD,Beverages,Water,2024-01-16,Microbiological Analysis,Severe,Medium,Warning Issued
904,Juice,BrandD,Beverages,Coloring agents,2024-03-17,Spectroscopy,Moderate,Medium,Fine Imposed
905,Chicken,BrandA,Meat,Melamine,2024-03-19,Sensory Evaluation,Minor,High,Warning Issued
906,Milk,BrandA,Dairy,Chalk,2024-04-13,Microbiological Analysis,Moderate,Low,Investigation Launched
907,Milk,BrandA,Dairy,Melamine,2024-02-08,Microbiological Analysis,Severe,Medium,Fine Imposed
908,Wine,BrandE,Beverages,Artificial sweeteners,2024-04-08,Chemical Analysis,Severe,Low,Fine Imposed
909,Milk,BrandA,Dairy,Water,2024-05-02,Sensory Evaluation,Moderate,Low,Product Recall
910,Beef,BrandD,Meat,Water,2024-06-03,Microbiological Analysis,Severe,High,Product Recall
911,Bread,BrandE,Bakery,Coloring agents,2024-03-26,Spectroscopy,Moderate,Low,Investigation Launched
912,Cheese,BrandC,Dairy,Melamine,2024-06-02,Sensory Evaluation,Moderate,High,Fine Imposed
913,Milk,BrandE,Dairy,Artificial sweeteners,2024-02-05,Sensory Evaluation,Minor,Low,Investigation Launched
914,Cheese,BrandD,Dairy,Melamine,2024-05-19,Microbiological Analysis,Minor,Medium,Product Recall
915,Honey,BrandD,Condiments,Artificial sweeteners,2024-02-15,Chemical Analysis,Severe,Low,Product Recall
916,Beef,BrandB,Meat,Artificial sweeteners,2024-06-04,Microbiological Analysis,Severe,Medium,Investigation Launched
917,Honey,BrandA,Condiments,Artificial sweeteners,2024-01-30,Spectroscopy,Severe,High,Warning Issued
918,Chicken,BrandE,Meat,Melamine,2024-02-04,Spectroscopy,Minor,Medium,Warning Issued
919,Yogurt,BrandB,Dairy,Water,2024-04-20,Chemical Analysis,Minor,High,Warning Issued
920,Honey,BrandA,Condiments,Melamine,2024-04-27,Spectroscopy,Moderate,Medium,Product Recall
921,Beef,BrandB,Meat,Chalk,2024-06-15,Chemical Analysis,Moderate,Medium,Warning Issued
922,Chicken,BrandB,Meat,Chalk,2024-03-25,Chemical Analysis,Moderate,High,Product Recall
923,Beef,BrandE,Meat,Chalk,2024-03-26,Spectroscopy,Moderate,High,Investigation Launched
924,Honey,BrandC,Condiments,Artificial sweeteners,2024-01-17,Sensory Evaluation,Severe,Medium,Product Recall
925,Chicken,BrandD,Meat,Water,2024-03-01,Chemical Analysis,Minor,Low,Warning Issued
926,Cheese,BrandC,Dairy,Chalk,2024-01-08,Sensory Evaluation,Minor,High,Product Recall
927,Honey,BrandE,Condiments,Chalk,2024-06-13,Chemical Analysis,Severe,Medium,Investigation Launched
928,Beef,BrandC,Meat,Water,2024-03-04,Sensory Evaluation,Moderate,Low,Investigation Launched
929,Yogurt,BrandE,Dairy,Water,2024-05-09,Microbiological Analysis,Minor,High,Product Recall
930,Yogurt,BrandC,Dairy,Water,2024-03-26,Microbiological Analysis,Moderate,Low,Investigation Launched
931,Milk,BrandE,Dairy,Coloring agents,2024-03-26,Spectroscopy,Moderate,Medium,Warning Issued
932,Chicken,BrandD,Meat,Water,2024-04-29,Sensory Evaluation,Moderate,High,Fine Imposed
933,Yogurt,BrandD,Dairy,Water,2024-05-26,Chemical Analysis,Moderate,Low,Product Recall
934,Chicken,BrandA,Meat,Coloring agents,2024-01-24,Chemical Analysis,Moderate,Low,Product Recall
935,Yogurt,BrandA,Dairy,Chalk,2024-06-12,Chemical Analysis,Moderate,Medium,Fine Imposed
936,Yogurt,BrandD,Dairy,Artificial sweeteners,2024-04-16,Chemical Analysis,Minor,Medium,Fine Imposed
937,Juice,BrandA,Beverages,Chalk,2024-03-29,Sensory Evaluation,Minor,Low,Investigation Launched
938,Wine,BrandC,Beverages,Coloring agents,2024-05-05,Sensory Evaluation,Severe,Low,Investigation Launched
939,Juice,BrandC,Beverages,Water,2024-05-08,Microbiological Analysis,Severe,High,Product Recall
940,Chicken,BrandC,Meat,Water,2024-02-14,Microbiological Analysis,Minor,Medium,Warning Issued
941,Milk,BrandD,Dairy,Coloring agents,2024-01-07,Microbiological Analysis,Moderate,High,Investigation Launched
942,Cheese,BrandB,Dairy,Melamine,2024-01-11,Chemical Analysis,Moderate,Low,Warning Issued
943,Chicken,BrandD,Meat,Coloring agents,2024-06-06,Chemical Analysis,Moderate,Low,Product Recall
944,Honey,BrandE,Condiments,Water,2024-06-17,Microbiological Analysis,Minor,High,Product Recall
945,Beef,BrandA,Meat,Melamine,2024-01-10,Microbiological Analysis,Minor,Medium,Fine Imposed
946,Bread,BrandD,Bakery,Water,2024-05-08,Chemical Analysis,Minor,Low,Fine Imposed
947,Milk,BrandB,Dairy,Chalk,2024-03-01,Chemical Analysis,Moderate,High,Fine Imposed
948,Cheese,BrandE,Dairy,Artificial sweeteners,2024-05-01,Microbiological Analysis,Severe,High,Product Recall
949,Cheese,BrandE,Dairy,Coloring agents,2024-05-31,Spectroscopy,Minor,High,Warning Issued
950,Bread,BrandC,Bakery,Artificial sweeteners,2024-05-27,Microbiological Analysis,Minor,Low,Warning Issued
951,Wine,BrandC,Beverages,Melamine,2024-05-02,Chemical Analysis,Moderate,Medium,Warning Issued
952,Honey,BrandC,Condiments,Artificial sweeteners,2024-02-27,Spectroscopy,Minor,Medium,Investigation Launched
953,Milk,BrandE,Dairy,Artificial sweeteners,2024-01-08,Sensory Evaluation,Minor,Low,Warning Issued
954,Cheese,BrandD,Dairy,Water,2024-06-23,Sensory Evaluation,Severe,High,Product Recall
955,Cheese,BrandA,Dairy,Chalk,2024-05-18,Spectroscopy,Moderate,Medium,Product Recall
956,Chicken,BrandD,Meat,Water,2024-04-20,Sensory Evaluation,Moderate,Medium,Warning Issued
957,Butter,BrandC,Dairy,Water,2024-02-28,Spectroscopy,Moderate,High,Product Recall
958,Beef,BrandE,Meat,Artificial sweeteners,2024-02-12,Sensory Evaluation,Severe,High,Warning Issued
959,Honey,BrandE,Condiments,Chalk,2024-05-07,Chemical Analysis,Minor,Medium,Fine Imposed
960,Beef,BrandB,Meat,Melamine,2024-01-02,Spectroscopy,Severe,Low,Fine Imposed
961,Juice,BrandA,Beverages,Artificial sweeteners,2024-05-21,Chemical Analysis,Severe,Medium,Fine Imposed
962,Beef,BrandA,Meat,Water,2024-02-02,Microbiological Analysis,Moderate,High,Warning Issued
963,Bread,BrandA,Bakery,Water,2024-04-19,Spectroscopy,Minor,Medium,Product Recall
964,Wine,BrandE,Beverages,Chalk,2024-04-25,Microbiological Analysis,Severe,High,Warning Issued
965,Chicken,BrandD,Meat,Chalk,2024-03-08,Chemical Analysis,Moderate,Medium,Fine Imposed
966,Yogurt,BrandB,Dairy,Chalk,2024-05-31,Spectroscopy,Severe,Low,Product Recall
967,Milk,BrandB,Dairy,Artificial sweeteners,2024-05-14,Sensory Evaluation,Minor,High,Warning Issued
968,Chicken,BrandB,Meat,Melamine,2024-05-31,Chemical Analysis,Minor,High,Fine Imposed
969,Bread,BrandD,Bakery,Coloring agents,2024-02-12,Microbiological Analysis,Severe,High,Fine Imposed
970,Milk,BrandB,Dairy,Chalk,2024-03-10,Chemical Analysis,Minor,High,Product Recall
971,Juice,BrandA,Beverages,Coloring agents,2024-01-02,Microbiological Analysis,Moderate,Low,Fine Imposed
972,Wine,BrandC,Beverages,Artificial sweeteners,2024-04-26,Chemical Analysis,Moderate,Medium,Investigation Launched
973,Beef,BrandD,Meat,Melamine,2024-01-27,Microbiological Analysis,Severe,Medium,Product Recall
974,Chicken,BrandD,Meat,Coloring agents,2024-04-07,Sensory Evaluation,Moderate,Medium,Investigation Launched
975,Cheese,BrandE,Dairy,Chalk,2024-01-29,Microbiological Analysis,Moderate,High,Investigation Launched
976,Honey,BrandC,Condiments,Artificial sweeteners,2024-01-17,Microbiological Analysis,Minor,Medium,Fine Imposed
977,Cheese,BrandE,Dairy,Artificial sweeteners,2024-04-18,Microbiological Analysis,Moderate,Low,Warning Issued
978,Butter,BrandB,Dairy,Chalk,2024-03-05,Sensory Evaluation,Moderate,Medium,Warning Issued
979,Butter,BrandE,Dairy,Water,2024-03-05,Chemical Analysis,Moderate,Low,Product Recall
980,Wine,BrandA,Beverages,Melamine,2024-02-23,Microbiological Analysis,Moderate,Low,Investigation Launched
981,Bread,BrandB,Bakery,Coloring agents,2024-02-07,Sensory Evaluation,Minor,Low,Product Recall
982,Milk,BrandA,Dairy,Chalk,2024-04-25,Sensory Evaluation,Minor,Medium,Product Recall
983,Milk,BrandB,Dairy,Artificial sweeteners,2024-05-21,Microbiological Analysis,Moderate,Low,Product Recall
984,Cheese,BrandA,Dairy,Coloring agents,2024-04-29,Microbiological Analysis,Minor,Low,Investigation Launched
985,Bread,BrandE,Bakery,Artificial sweeteners,2024-06-19,Microbiological Analysis,Severe,Medium,Product Recall
986,Chicken,BrandA,Meat,Melamine,2024-01-22,Chemical Analysis,Severe,Low,Investigation Launched
987,Bread,BrandE,Bakery,Coloring agents,2024-05-11,Microbiological Analysis,Severe,High,Product Recall
988,Juice,BrandC,Beverages,Coloring agents,2024-03-26,Sensory Evaluation,Minor,Low,Product Recall
989,Yogurt,BrandB,Dairy,Melamine,2024-03-19,Chemical Analysis,Moderate,High,Warning Issued
990,Juice,BrandD,Beverages,Artificial sweeteners,2024-01-18,Spectroscopy,Moderate,High,Fine Imposed
991,Yogurt,BrandB,Dairy,Water,2024-02-14,Chemical Analysis,Minor,High,Warning Issued
992,Honey,BrandE,Condiments,Coloring agents,2024-05-28,Sensory Evaluation,Moderate,High,Product Recall
993,Chicken,BrandE,Meat,Chalk,2024-03-20,Chemical Analysis,Severe,Low,Product Recall
994,Milk,BrandB,Dairy,Artificial sweeteners,2024-03-23,Microbiological Analysis,Severe,Low,Product Recall
995,Juice,BrandB,Beverages,Coloring agents,2024-01-12,Microbiological Analysis,Severe,Medium,Warning Issued
996,Butter,BrandD,Dairy,Artificial sweeteners,2024-06-13,Chemical Analysis,Minor,Medium,Fine Imposed
997,Beef,BrandD,Meat,Melamine,2024-05-26,Microbiological Analysis,Minor,Medium,Warning Issued
998,Bread,BrandD,Bakery,Chalk,2024-03-25,Microbiological Analysis,Moderate,High,Fine Imposed
999,Juice,BrandE,Beverages,Chalk,2024-03-02,Spectroscopy,Minor,High,Product Recall
1000,Chicken,BrandC,Meat,Artificial sweeteners,2024-05-27,Spectroscopy,Minor,Low,Warning Issued
